LastName,FirstName,StudentId,CounselorName,ofcl,0,1,2,3,4,5,6,7,8,9,10,11,12,13,14
,,1,,,,MGS22QT-2,AHS11-2,PPS82QA-2,MES11-1,FFS62QE-2,ZLUN-6,EES82QFC-20,HGS42-19,SBS22X-7,SBS22X-7,,,,
,,2,,,,ZQPD1-2,AHS11-2,MGS22QT-7,MES11-1,EES82QFC-12,FFS62QE-3,HGS42-17,ZLUN-8,PPS82QB-8,SBS22H-18,,,,
,,3,,,,HGS42-2,AHS11-2,PWS82QA-2,MES11-1,FFS62QE-2,ZLUN-6,SBS22H-14,SBS22H-14,MGS22QT-20,EES82QFC-31,,,,
,,4,,,,AHS11-1,HGS42-4,PPS82QA-2,FFS62QE-1,ZLUN-5,SBS22X-4,SBS22X-4,MGS22QE-2,ZQ09-9,EES82QFC-28,,,,
,,5,,,,PPS82QA-1,EES82QFC-3,HGS42-6,ZLUN-4,MGS22QE-1,FFS62QE-3,AHS11-9,SBS22X-6,SBS22X-6,ZQ10-10,,,,
,,6,,,,HGS42-1,EES82QFC-3,SBS22X-3,SBS22X-3,ZLUN-5,FFS62QE-3,AHS11-9,PPS82QA-7,MGS22QE-3,ZQ10-10,,,,
,,7,,,,PPS82QB-1,HGS42-3,EES82QFC-6,FFS62QE-1,MGS22QE-1,SBS22H-10,SBS22H-10,ZLUN-8,ZQ09-9,AHS11-12,,,,
,,8,,,,ZQ01-1,EES82QFC-3,AHS11-3,HGS42-8,ZLUN-5,FFS62QE-3,PPS82QA-6,SBS22H-13,ZQ09-9,MGS22QT-21,,,,
,,9,,,,EES82QFC-2,SBS22H-2,PPS82QA-2,ZLUN-4,FFS62QE-2,HGS42-14,MGS22QT-16,AHS11-10,UAS11-3,ZQT10-1,,,,
,,10,,,,HGS42-1,SBS22H-2,PPS82QA-2,FFS62QE-1,UQS11-1,ZLUN-6,EES82QFC-20,AHS11-10,MGS22QT-19,ZQT10-1,,,,
,,11,,,,SBS22H-1,SBS22H-1,MGS22QT-6,AHS11-5,ZLUN-5,FFS62QE-3,HGS42-16,EES82QFC-22,PPS82QA-8,ZQ10-10,,,,
,,12,,,,ZQ01-1,MGS22QT-4,HGS42-7,AHS11-4,FFS62QE-2,ZLUN-6,EES82QFC-20,PPS82QA-7,SBS22H-15,ZQ10-10,,,,
,,13,,,,ZQ01-1,ZQ02-2,HGS42-7,AHS11-4,ZLUN-5,FFS62QE-3,PPS82QA-6,SBS22H-14,EES82QFC-26,MGS22QT-21,,,,
,,14,,,,ZQPD1-2,EES82QFC-3,HGS42-5,ZLUN-4,AHS11-7,FFS62QE-3,MGS22QT-16,PPS82QA-7,SBS22H-15,ZQ10-10,,,,
,,15,,,,AHS11-1,MGS22QT-3,EES82QFC-7,ZLUN-4,FFS62QE-2,PPS82QA-5,HGS42-17,SBS22H-15,SBS22H-15,ZQT10-1,,,,
,,16,,,,MGS22QT-2,ZQ02-2,SBS22H-5,PPS82QB-3,FFS62QE-2,EES82QFC-18,ZLUN-7,HGS42-19,UAS11-3,AHS11-12,,,,
,,17,,,,MGS22QT-2,SBS22H-2,SBS22H-2,FFS62QE-1,ZLUN-5,UFS11-1,HGS42-17,AHS11-10,PPS82QB-8,EES82QFC-29,,,,
,,18,,,,EES82QFC-1,ZQ02-2,SBS22H-4,PPS82QB-3,ZLUN-5,FFS62QE-3,AHS11-9,MGS22QT-18,HGS42-21,ZQ10-10,,,,
,,19,,,,PPS82QB-1,MGS22QT-4,HGS42-6,FFS62QE-1,AHS11-6,ZLUN-6,EES82QFC-20,SBS22H-16,SBS22H-16,ZQ10-10,,,,
,,20,,,,PPS82QB-1,MGS22QT-4,HGS42-6,ZLUN-4,EES82QFC-12,FFS62QE-3,AHS11-9,SBS22H-16,SBS22H-16,ZQ10-10,,,,
,,21,,,,ZQ01-1,EES82QFC-5,PPS82QB-2,AHS11-5,MGS22QT-11,FFS62QE-3,ZLUN-7,HGS42-18,SBS22H-18,SBS22H-18,,,,
,,22,,,,ZQ01-1,MGS22QT-4,SBS22H-4,PPS82QB-3,FFS62QE-2,ZLUN-6,HGS42-15,AHS11-10,ZQ09-9,EES82QFC-28,,,,
,,23,,,,PPS82QB-1,ZQ02-2,MGS22QT-6,AHS11-5,ZLUN-5,FFS62QE-3,HGS42-16,SBS22H-16,SBS22H-16,EES82QFC-29,,,,
,,24,,,,MGS22QT-1,ZQ02-2,SBS22H-4,PPS82QB-3,HGS42-12,FFS62QE-3,ZLUN-7,AHS11-10,EES82QFC-26,ZQT10-1,,,,
,,25,,,,HGS42-1,UDS11Q2-1,PPS82QB-2,FFS62QE-1,EES82QFC-15,SBS22X-5,SBS22X-5,ZLUN-8,MGS22QT-20,AHS11-12,,,,
,,26,,,,PPS82QB-1,UDS11Q2-1,MGS22QT-8,FFS62QE-1,HGS42-11,AHS11-8,ZLUN-7,SBS22X-6,SBS22X-6,EES82QFC-30,,,,
,,27,,,,EES82QFC-2,ZQ02-2,MGS22QT-7,FFS62QE-1,AHS11-6,ZLUN-6,HGS42-15,SBS22X-6,SBS22X-6,ZQ10-10,,,,
,,28,,,,ZQ01-1,AHS11-2,PPS82QB-2,MGS22QT-9,FFS62QE-2,EES82QFC-18,ZLUN-7,HGS42-18,SBS22X-7,SBS22X-7,,,,
,,29,,,,ZQ01-1,HGS42-3,MGS22QT-7,ZLUN-4,FFS62QE-2,AHS11-8,PPS82QB-6,SBS22X-6,SBS22X-6,EES82QFC-30,,,,
,,30,,,,HGS42-1,EES82QFC-3,SBS22X-3,SBS22X-3,FFS62QE-2,MGS22QT-14,ZLUN-7,PPS82QB-7,AHS11-11,ZQ10-10,,,,
,,31,,,,ZQ01-1,EES82QFC-5,HGS42-5,FFS62QE-1,AHS11-7,MGS22QT-14,ZLUN-7,PPS82QB-7,SBS22X-7,SBS22X-7,,,,
,,32,,,,ZQPD1-2,SBS22X-1,SBS22X-1,FFS62QE-1,MGS22QT-11,EES82QFC-18,ZLUN-7,HGS42-18,ZQ09-9,AHS11-12,,,,
,,33,,,,ZQ01-1,AHS11-2,EES82QFC-6,HGS42-9,FFS62QE-2,MGS22QT-14,ZLUN-7,SBS22H-16,SBS22H-16,PWS82QA-7,,,,
,,34,,,,MGS22QT-1,SBS22H-6,SBS22H-6,ZLUN-4,FFS62QE-2,HGS42-13,AHS11-9,EES82QFC-22,PWS82QA-6,ZQ10-10,,,,
,,35,,,,ZQ01-1,EES82QFC-4,PWS82QA-2,ZLUN-4,FFS62QE-2,AHS11-8,MGS22QT-15,SBS22H-16,SBS22H-16,HGS42-23,,,,
,,36,,,,ZQ01-1,PWS82QA-1,HGS42-5,EES82QFC-11,FFS62QE-2,MGS22QT-13,ZLUN-7,AHS11-10,SBS22H-17,SBS22H-17,,,,
,,37,,,,ZQ01-1,PWS82QA-1,HGS42-7,AHS11-5,ZLUN-5,FFS62QE-3,MGS22QT-16,SBS22X-6,SBS22X-6,EES82QFC-29,,,,
,,38,,,,MGS22QT-2,SBS22H-2,SBS22H-2,ZLUN-4,EES82QFC-15,FFS62QE-3,HGS42-17,UAS11-2,PWS82QB-6,AHS11-12,,,,
,,39,,,,MGS22QT-1,EES82QFC-3,HGS42-7,FFS62QE-1,AHS11-6,ZLUN-6,SBS22H-14,SBS22H-14,PWS82QB-6,ZQ10-10,,,,
,,40,,,,ZQ01-1,EES82QFC-5,MGS22QT-8,HGS42-8,FFS62QE-2,ZLUN-6,SBS22H-14,SBS22H-14,AHS11-11,PWS82QB-7,,,,
,,41,,,,AHS11-1,SBS22H-2,SBS22H-2,MGS22QT-10,FFS62QE-2,HGS42-14,ZLUN-7,EES82QFC-23,PWS82QB-6,ZQ10-10,,,,
,,42,,,,ZQ01-1,SBS22X-1,PWS82QB-2,FFS62QE-1,HGS42-11,EES82QFC-17,ZLUN-7,MGS22QT-18,AHS11-11,ZQ10-10,,,,
,,43,,,,ZQ01-1,EES82QFC-4,SBS22X-3,SBS22X-3,FFS62QE-2,HGS42-14,ZLUN-7,PPS82QB-7,MPS22X-17,AHS11-12,,,,
,,44,,,,PPS82QA-1,ZQ02-2,MRS22H-1,HGS42-9,AHS11-6,FFS62QE-3,ZLUN-7,EES82QFC-23,SBS22X-7,SBS22X-7,,,,
,,45,,,,SBS22H-1,SBS22H-1,EES82QFC-7,HGS42XHG-2,AHS11-7,FFS62QE-3,ZLUN-7,MGS22QT-17,PPS82QB-8,ZQ10-10,,,,
,,46,,,,ZQ01-1,MGS22QT-3,HGS42XHG-1,AHS11-5,FFS62QE-2,ZLUN-6,PPS82QB-6,EES82QFC-21,SBS22H-17,SBS22H-17,,,,
,,47,,,,ZQ01-1,AHS11-2,HGS42XHG-1,FFS62QE-1,MGS22QT-11,ZLUN-6,SBS22H-13,SBS22H-13,EES82QFC-27,PWS82QA-7,,,,
,,48,,,,MGS22QT-2,SBS22H-2,SBS22H-2,AHS11-4,ZLUN-5,PPS82QA-5,HGS42-16,EES82QFC-23,FFS64-3,ZQ10-10,,,,
,,49,,,,HGS42-1,FFS64-2,AHS11-3,PPS82QA-3,SBS22H-9,MGS22QT-14,ZQ07-7,ZLUN-8,EES82QFC-26,ZQ10-10,,,,
,,50,,,,PPS82QA-1,EES82QFC-5,SBS22H-7,SBS22H-7,MGS22QT-12,HGS42-14,ZLUN-7,AHS11-10,FFS64-3,ZQ10-10,,,,
,,51,,,,PPS82QA-1,HGS42-3,SBS22H-4,SBS22H-4,EES82QFC-13,AHS11-8,ZLUN-7,MGS22QT-18,FFS64-3,ZQ10-10,,,,
,,52,,,,MQS82QP1-1,FFS64-2,AHS11-3,ZLUN-4,UQS11-1,EES82QFC-17,MPS22X-11,HGS42-18,SBS22X-7,SBS22X-7,,,,
,,53,,,,AHS11-1,FGS62-2,PPS82QA-2,ZLUN-4,MGS22QE-1,SBS22H-12,SBS22H-12,UDS11Q8-1,EES82QFC-25,HGS42-23,,,,
,,54,,,,FGS62-1,UDS11Q2-1,PPS82QA-2,ZLUN-4,MGS22QE-1,EES82QFC-17,AHS11-9,HGS42-18,SBS22X-7,SBS22X-7,,,,
,,55,,,,FGS62-1,ZQ02-2,AHS11-3,UZS32-1,MGS22QE-1,ZLUN-6,EES82QFC-20,HGS42-19,PPS82QB-8,SBS22H-17,,,,
,,56,,,,FGS62-1,UDS11Q2-1,HGS42-6,ZLUN-4,AHS11-7,SBS22X-4,SBS22X-4,MGS22QE-2,EES82QFC-25,ZQT10-1,,,,
,,57,,,,FGS62-1,SBS22H-2,SBS22H-2,MGS22QT-9,EES82QFC-13,PPS82QA-5,AHS11-9,ZLUN-8,HGS42-20,ZQ10-10,,,,
,,58,,,,FGS62-1,HGS42-3,EES82QFC-7,AHS11-4,MGS22QT-11,ZLUN-6,PPS82QA-6,SBS22H-16,SBS22H-16,UAS11-4,,,,
,,59,,,,AHS11-1,FGS62-2,MGS22QT-8,ZLUN-4,EES82QFC-15,UFS11-1,SBS22H-13,SBS22H-13,PPS82QA-8,HGS42-23,,,,
,,60,,,,PPS82QA-1,FGS62-2,ZQ03-3,ZLUN-4,MGS22QT-12,EES82QFC-18,HGS42-15,AHS11-10,SBS22H-18,SBS22H-18,,,,
,,61,,,,FGS62-1,HGS42-4,PPS82QA-2,SBS22H-9,SBS22H-9,MGS22QT-14,AHS11-9,ZLUN-8,EES82QFC-26,ZQ10-10,,,,
,,62,,,,FGS62-1,SBS22H-6,SBS22H-6,AHS11-4,MGS22QT-11,UAS11-1,PPS82QB-6,ZLUN-8,HGS42-20,EES82QFC-30,,,,
,,63,,,,HGS42-1,FGS62-2,UDS11Q3-1,AHS11-5,SBS22H-8,PPS82QB-5,MGS22QT-16,ZLUN-8,EES82QFC-25,ZQ10-10,,,,
,,64,,,,MGS22QT-1,FGS62-2,HGS42-6,EES82QFC-11,PPS82QB-4,ZLUN-6,SBS22H-14,SBS22H-14,AHS11-11,ZQ10-10,,,,
,,65,,,,FGS62-1,MGS22QT-3,ZQ03-3,EES82QFC-8,AHS11-6,SBS22H-10,PPS82QB-6,ZLUN-8,HGS42-21,ZQ10-10,,,,
,,66,,,,ZQ01-1,FGS62-2,MGS22QT-7,AHS11-4,SBS22H-8,PPS82QB-5,EES82QFC-19,ZLUN-8,HGS42-20,ZQT10-1,,,,
,,67,,,,HGS42-2,FGS62-2,AHS11-3,ZLUN-4,PPS82QB-4,SBS22X-5,SBS22X-5,UDS11Q8-1,EES82QFC-26,MGS22QT-21,,,,
,,68,,,,FGS62-1,SBS22X-1,SBS22X-1,HGS42-8,MGS22QT-11,ZLUN-6,PPS82QB-6,EES82QFC-23,AHS11-11,ZQ10-10,,,,
,,69,,,,ZQ01-1,FGS62-2,AHS11-3,HGS42-10,ZLUN-5,EES82QFC-16,PPS82QB-6,MGS22QT-17,SBS22X-7,SBS22X-7,,,,
,,70,,,,FGS62-1,AHS11-2,HGS42-6,SBS22X-2,SBS22X-2,PPS82QB-5,MGS22QT-15,ZLUN-8,EES82QFC-25,ZQ10-10,,,,
,,71,,,,AHS11-1,FGS62-2,MGS22QT-7,SBS22X-2,SBS22X-2,ZQ06-6,HGS42-17,ZLUN-8,EES82QFC-24,ZQT10-1,,,,
,,72,,,,FGS62-1,EES82QFC-5,HGS42-5,SBS22H-9,SBS22H-9,MGS22QT-14,ZLUN-7,ZQ08-8,AHS11-11,PWS82QA-7,,,,
,,73,,,,ZQ01-1,FGS62-2,HGS42-6,ZLUN-4,AHS11-7,MGS22QT-13,SBS22H-14,SBS22H-14,PWS82QA-6,EES82QFC-29,,,,
,,74,,,,ZQ01-1,FGS62-2,MGS22QT-6,AHS11-5,EES82QFC-12,ZLUN-6,SBS22H-13,SBS22H-13,HGS42-20,PWS82QA-7,,,,
,,75,,,,FGS62-1,PWS82QB-1,HGS42-6,ZLUN-4,AHS11-6,SBS22H-10,SBS22H-10,EES82QFC-22,MGS22QT-20,UAS11-4,,,,
,,76,,,,FGS62-1,PWS82QB-1,AHS11-3,ZLUN-4,MGS22QT-12,EES82QFC-18,ZQ07-7,HGS42-19,SBS22X-7,SBS22X-7,,,,
,,77,,,,FGS62-1,HGS42-3,MRS22-5,ZLUN-4,UQS11-1,EES82QFC-16,AHS11-9,PPS82QA-7,SBS22H-15,ZQ10-10,,,,
,,78,,,,FGS62-1,UDS11Q2-1,MRS22-6,SBS22H-9,SBS22H-9,PPS82QB-5,AHS11-9,ZLUN-8,EES82QFC-27,HGS42-22,,,,
,,79,,,,ZQPD1-2,FGS62-2,HGS42XHG-1,MES11-1,PPS82QA-4,SBS22H-11,EES82QFC-20,ZLUN-8,AHS11-11,MGS22QT-21,,,,
,,80,,,,MQS82QP1-1,FGS62-2,HGS42XHG-1,EES82QFC-10,ZLUN-5,AHS11-8,PPS82QA-6,MGS22QE-2,SBS22H-18,SBS22H-18,,,,
,,81,,,,FGS62-1,SBS22H-2,PPS82QA-2,HGS42XHG-2,AHS11-7,MGS22QT-13,ZQ07-7,ZLUN-8,EES82QFC-25,ZQ10-10,,,,
,,82,,,,MQS82QP1-1,SBS22H-6,SBS22H-6,ZLUN-4,EES82QFC-12,PPS82QA-5,FJS62-1,MGS22QE-2,HGS42-21,AHS11-12,,,,
,,83,,,,PPS82QB-1,SBS22H-2,SBS22H-2,AHS11-5,EES82QFC-12,ZLUN-6,FJS62-1,MGS22QE-2,HGS42-21,ZQ10-10,,,,
,,84,,,,PPS82QB-1,SBS22H-2,SBS22H-2,ZLUN-4,MGS22QE-1,AHS11-8,FJS62-1,UDS11Q8-1,EES82QFC-26,HGS42-22,,,,
,,85,,,,ZQ01-1,MGS22QT-5,HGS42-7,AHS11-4,PPS82QA-4,SBS22H-11,FJS62-1,ZLUN-8,UAS11-3,EES82QFC-30,,,,
,,86,,,,UJS11-1,MGS22QT-4,AHS11-3,HGS42-10,PPS82QA-4,ZLUN-6,EES82QFC-19,FJS62-2,SBS22H-18,SBS22H-18,,,,
,,87,,,,PPS82QA-1,ZQ02-2,MGS22QT-8,AHS11-4,ZLUN-5,SBS22H-12,SBS22H-12,FJS62-2,EES82QFC-25,HGS42-23,,,,
,,88,,,,MGS22QT-2,ZQ02-2,EES82QFC-7,PPS82QA-3,SBS22H-9,ZLUN-6,FJS62-1,HGS42-18,AHS11-11,ZQ10-10,,,,
,,89,,,,AHS11-1,UDS11Q2-1,EES82QFC-7,PPS82QA-3,SBS22H-9,ZLUN-6,HGS42-15,FJS62-2,MGS22QT-19,ZQ10-10,,,,
,,90,,,,EES82QFC-2,AHS11-2,SBS22H-7,SBS22H-7,PPS82QA-4,ZLUN-6,ZQ07-7,FJS62-2,HGS42-21,MGS22QT-21,,,,
,,91,,,,PPS82QA-1,EES82QFC-3,MGS22QT-6,SBS22X-2,SBS22X-2,ZLUN-6,UDS11Q4-1,FJS62-2,HGS42-21,AHS11-12,,,,
,,92,,,,MGS22QT-2,AHS11-2,SBS22H-5,PPS82QB-3,HGS42-11,UAS11-1,ZLUN-7,FJS62-2,EES82QFC-27,ZQ10-10,,,,
,,93,,,,SBS22H-3,SBS22H-3,HGS42-5,AHS11-4,EES82QFC-15,ZLUN-6,PPS82QB-6,FJS62-2,MGS22QT-19,UAS11-4,,,,
,,94,,,,AHS11-1,EES82QFC-3,HGS42-5,ZLUN-4,PPS82QB-4,MGS22QT-13,UDS11Q4-1,FJS62-2,SBS22H-18,SBS22H-18,,,,
,,95,,,,SBS22H-3,SBS22H-3,HGS42-7,ZLUN-4,PPS82QB-4,UFS11-1,MGS22QT-16,FJS62-2,EES82QFC-27,AHS11-12,,,,
,,96,,,,SBS22H-1,SBS22H-1,PPS82QB-2,ZLUN-4,HGS42-12,EES82QFC-18,AHS11-9,FJS62-2,MGS22QT-19,ZQ10-10,,,,
,,97,,,,HGS42-1,MGS22QT-5,SBS22H-5,PPS82QB-3,AHS11-6,EES82QFC-16,FJS62-1,ZLUN-8,ZQ09-9,ZQ10-10,,,,
,,98,,,,MGS22QT-1,ZQ02-2,HGS42-7,ZLUN-4,AHS11-6,PPS82QB-5,FJS62-1,SBS22H-16,SBS22H-16,EES82QFC-29,,,,
,,99,,,,ZQPD1-2,MGS22QT-3,SBS22H-4,SBS22H-4,AHS11-7,PPS82QB-5,FJS62-1,ZLUN-8,EES82QFC-24,HGS42-22,,,,
,,100,,,,EES82QFC-2,SBS22X-1,SBS22X-1,MGS22QT-10,AHS11-6,ZLUN-6,FJS62-1,UDS11Q8-1,HGS42-21,ZQT10-1,,,,
,,101,,,,AHS11-1,SBS22H-2,SBS22H-2,HGS42-9,MGS22QT-12,ZLUN-6,ZQ07-7,FJS62-2,EES82QFC-24,PWS82QA-7,,,,
,,102,,,,SBS22H-3,SBS22H-3,AHS11-3,ZLUN-4,HGS42-12,PWS82QA-5,UDS11Q4-1,FJS62-2,MGS22QT-19,EES82QFC-31,,,,
,,103,,,,ZQ01-1,AHS11-2,SBS22H-7,SBS22H-7,MGS22QT-12,ZLUN-6,FJS62-1,HGS42-19,EES82QFC-24,PWS82QA-7,,,,
,,104,,,,AHS11-1,MGS22QT-4,PPS82QA-2,HGS42XHG-2,SBS22H-8,SBS22H-8,FJS62-1,ZLUN-8,ZQ09-9,EES82QFC-28,,,,
,,105,,,,SBS22H-3,SBS22H-3,HGS42XHG-1,ZLUN-4,PPS82QA-4,EES82QFC-16,MGS22QT-15,FJS62-2,AHS11-11,UAS11-4,,,,
,,106,,,,ZQ01-1,ZQ02-2,HGS42XHG-1,EES82QFC-10,AHS11-6,ZLUN-6,FJS62-1,MGS22QT-17,PPS84QB-7,SBS22H-18,,,,
,,107,,,,ZQ01-1,FJS64-1,HGS42-5,AHS11-4,EES82QFC-14,ZLUN-6,MGS22QT-16,PPS82QA-7,SBS22H-16,ZQ10-10,,,,
,,108,,,,HGS42-2,FJS64-1,PPS82QB-2,UZS32-1,EES82QFC-13,ZLUN-6,SBS22H-13,SBS22H-13,MGS22QT-20,AHS11-12,,,,
,,109,,,,SBS22H-1,SBS22H-1,PPS82QA-2,MES11-1,ZLUN-5,HGS42-14,AHS11-9,FLS62QE-1,MGS22QT-20,EES82QFC-29,,,,
,,110,,,,ZQ01-1,EES82QFC-4,AHS11-3,UMS11-1,MGS22QE-1,ZLUN-6,HGS42-17,FLS62QE-1,PPS82QB-8,SBS22H-17,,,,
,,111,,,,PPS82QB-1,ZQ02-2,SBS22X-3,SBS22X-3,MGS22QE-1,HGS42-14,ZLUN-7,FLS62QE-1,AHS11-11,EES82QFC-28,,,,
,,112,,,,ZQ01-1,SBS22X-1,SBS22X-1,AHS11-4,PWS82QA-4,EES82QFC-16,ZLUN-7,MGS22QE-2,FLS62QE-2,HGS42-23,,,,
,,113,,,,EES82QFC-2,ZQ02-2,MGS22QT-7,AHS11-5,HGS42-11,ZLUN-6,PPS82QA-6,SBS22H-13,FLS62QE-2,UAS11-4,,,,
,,114,,,,ZQ01-1,UDS11Q2-1,MGS22QT-6,PPS82QA-3,SBS22H-9,AHS11-8,ZLUN-7,FLS62QE-1,EES82QFC-27,HGS42-23,,,,
,,115,,,,SBS22H-3,SBS22H-3,EES82QFC-6,PPS82QA-3,HGS42-11,AHS11-8,ZLUN-7,FLS62QE-1,MGS22QT-19,ZQ10-10,,,,
,,116,,,,ZQ01-1,SBS22H-2,PPS82QA-2,EES82QFC-10,MGS22QT-12,ZLUN-6,HGS42-17,AHS11-10,FLS62QE-2,ZQT10-1,,,,
,,117,,,,SBS22H-3,SBS22H-3,PPS82QA-2,ZLUN-4,EES82QFC-14,AHS11-8,MGS22QT-16,FLS62QE-1,UAS11-3,HGS42-23,,,,
,,118,,,,HGS42-2,SBS22H-2,PPS82QA-2,UZS32-1,EES82QFC-15,ZLUN-6,MGS22QT-15,AHS11-10,FLS62QE-2,ZQT10-1,,,,
,,119,,,,ZQ01-1,AHS11-2,ZQ03-3,HGS42-10,PPS82QA-4,SBS22H-11,MGS22QT-15,ZLUN-8,FLS62QE-2,EES82QFC-31,,,,
,,120,,,,EES82QFC-1,MGS22QT-3,SBS22X-3,SBS22X-3,AHS11-7,ZLUN-6,HGS42-15,UAS11-2,FLS62QE-2,ZQT10-1,,,,
,,121,,,,ZQ01-1,SBS22X-1,SBS22X-1,HGS42-9,MGS22QT-11,EES82QFC-17,ZLUN-7,FLS62QE-1,PPS82QA-8,AHS11-12,,,,
,,122,,,,ZQ01-1,AHS11-2,PPS82QA-2,HGS42-8,MGS22QT-12,EES82QFC-16,ZLUN-7,FLS62QE-1,SBS22X-7,SBS22X-7,,,,
,,123,,,,HGS42-2,UDS11Q2-1,EES82QFC-6,ZLUN-4,AHS11-7,PPS82QB-5,SBS22H-12,MGS22QT-17,FLS62QE-2,ZQ10-10,,,,
,,124,,,,ZQ01-1,MGS22QT-4,ZQ03-3,HGS42-8,SBS22H-8,PPS82QB-5,ZLUN-7,FLS62QE-1,AHS11-11,EES82QFC-30,,,,
,,125,,,,MGS22QT-2,HGS42-4,AHS11-3,EES82QFC-8,SBS22H-11,SBS22H-11,PPS82QB-6,ZLUN-8,FLS62QE-2,ZQ10-10,,,,
,,126,,,,ZQ01-1,AHS11-2,HGS42-6,MGS22QT-10,EES82QFC-15,PPS82QB-5,SBS22H-12,ZLUN-8,FLS62QE-2,ZQ10-10,,,,
,,127,,,,EES82QFC-1,ZQ02-2,ZQ03-3,HGS42-10,MGS22QT-11,SBS22H-10,PPS82QB-6,ZLUN-8,FLS62QE-2,AHS11-12,,,,
,,128,,,,MGS22QT-1,AHS11-2,HGS42-7,PPS82QB-3,ZLUN-5,UAS11-1,EES82QFC-19,FLS62QE-1,SBS22X-7,SBS22X-7,,,,
,,129,,,,ZQ01-1,SBS22X-1,SBS22X-1,ZLUN-4,AHS11-6,MGS22QT-13,UDS11Q4-1,FLS62QE-1,EES82QFC-24,HGS42-23,,,,
,,130,,,,AHS11-1,SBS22X-1,SBS22X-1,HGS42-10,MGS22QT-11,EES82QFC-18,ZLUN-7,FLS62QE-1,PPS82QB-8,ZQ10-10,,,,
,,131,,,,AHS11-1,ZQ02-2,EES82QFC-6,MGS22QT-9,PPS82QB-4,SBS22X-5,SBS22X-5,ZLUN-8,FLS62QE-2,HGS42-22,,,,
,,132,,,,HGS42-1,EES82QFC-3,MGS22QT-8,AHS11-5,ZLUN-5,SBS22H-12,SBS22H-12,PPS84QB-6,FLS62QE-2,ZT10-1,,,,
,,133,,,,ZQ01-1,PWS82QA-1,SBS22H-6,HGS42-8,EES82QFC-15,MGS22QT-13,AHS11-9,ZLUN-8,FLS62QE-2,ZT10-1,,,,
,,134,,,,ZQ01-1,EES82QFC-5,AHS11-3,PWS82QA-3,ZLUN-5,HGS42-13,MGS22QT-16,FLS62QE-1,SBS22H-18,SBS22H-18,,,,
,,135,,,,ZQ01-1,AHS11-2,SBS22H-5,SBS22H-5,HGS42-12,MGS22QT-14,ZLUN-7,EES82QFC-21,FLS62QE-2,PWS82QB-7,,,,
,,136,,,,HGS42-2,SBS22H-2,SBS22H-2,AHS11-5,PWS82QB-4,EES82QFC-17,MGS22QT-15,ZLUN-8,FLS62QE-2,ZQ10-10,,,,
,,137,,,,SBS22H-3,SBS22H-3,HGS42-7,ZLUN-4,EES82QFC-12,MGS22QT-13,AHS11-9,FLS62QE-1,PWS82QB-6,ZQT10-1,,,,
,,138,,,,EES82QFC-2,AHS11-2,PPS82QB-2,UZS32-1,SBS22H-8,SBS22H-8,ZLUN-7,FLS62QE-1,HGS42-20,MRS22-20,,,,
,,139,,,,ZQ01-1,SBS22H-2,SBS22H-2,EES82QFC-10,PPS82QB-4,ZLUN-6,AHS11-9,FLS62QE-1,HGS42-21,MRS22-20,,,,
,,140,,,,EES82QFC-1,ZQ02-2,HGS42XHG-1,PPS82QA-3,SBS22H-9,AHS11-8,ZLUN-7,FLS62QE-1,MGS22QT-20,ZQ10-10,,,,
,,141,,,,AHS11-1,MGS22QT-3,HGS42XHG-1,EES82QFC-11,UQS11-1,ZLUN-6,SBS22H-13,SBS22H-13,FLS62QE-2,PWS82QA-7,,,,
,,142,,,,ZQ01-1,PWS82QB-1,HGS42XHG-1,EES82QFC-8,ZLUN-5,MGS22QT-13,SBS22H-13,SBS22H-13,FLS62QE-2,AHS11-12,,,,
,,143,,,,PPS82QA-1,SBS22H-3,HGS42-5,EES82QFC-9,FLS64-1,UAS11-1,AHS11-9,ZLUN-8,MGS22QE-3,ZQT10-1,,,,
,,144,,,,SBS22H-1,SBS22H-1,PPS82QA-2,MES11-1,AHS11-7,ZLUN-6,MGS22QT-15,HGS42-18,FMS62QE-6,EES82QFC-28,,,,
,,145,,,,MQS82QP1-1,SBS22X-1,SBS22X-1,FMS62QE-2,HGS42-12,AHS11-8,ZLUN-7,PPS82QB-7,MGS22QE-3,EES82QFC-31,,,,
,,146,,,,MQS82QP1-1,EES82QFC-3,AHS11-3,FMS62QE-2,MGS22QE-1,PWS82QA-5,ZLUN-7,HGS42-19,SBS22X-7,SBS22X-7,,,,
,,147,,,,HGS42-1,SBS22H-2,SBS22H-2,FMS62QE-2,MGS22QE-1,PPS82QA-5,ZLUN-7,EES82QFC-23,AHS11-11,ZQ10-10,,,,
,,148,,,,SBS22H-1,SBS22H-1,HGS42-6,EES82QFC-10,FMS62QE-3,ZLUN-6,PPS82QA-6,AHS11-10,MGS22QE-3,ZQ10-10,,,,
,,149,,,,SBS22H-1,SBS22H-1,EES82QFC-6,AHS11-4,HGS42-12,PPS82QA-5,ZLUN-7,MGS22QE-2,FMS62QE-6,ZQ10-10,,,,
,,150,,,,ZQ01-1,ZQ02-2,AHS11-3,HGS42-8,MGS22QE-1,EES82QFC-16,ZLUN-7,PPS82QA-7,SBS22H-15,FMS62QE-7,,,,
,,151,,,,SBS22H-1,SBS22H-1,EES82QFC-6,UMS11-1,MGS22QE-1,AHS11-8,ZLUN-7,FMS62QE-5,PPS82QB-8,HGS42-23,,,,
,,152,,,,ZQ01-1,ZQ02-2,FMS62QE-1,EES82QFC-9,ZLUN-5,AHS11-8,HGS42-17,MGS22QE-2,PPS82QB-8,SBS22H-18,,,,
,,153,,,,SBS22H-3,SBS22H-3,AHS11-3,ZLUN-4,MGS22QE-1,PPS82QB-5,HGS42-16,EES82QFC-22,ZQ09-9,FMS62QE-7,,,,
,,154,,,,PPS82QB-1,ZQ02-2,AHS11-3,FMS62QE-2,ZLUN-5,SBS22X-4,SBS22X-4,MGS22QE-2,EES82QFC-26,HGS42-22,,,,
,,155,,,,ZQ01-1,SBS22X-1,SBS22X-1,HGS42-9,AHS11-6,FMS62QE-4,ZLUN-7,EES82QFC-21,MGS22QE-3,ZQ10-10,,,,
,,156,,,,ZQ01-1,EES82QFC-5,HGS42-5,PWS82QA-3,ZLUN-5,SBS22X-5,SBS22X-5,AHS11-10,MGS22QE-3,FMS62QE-7,,,,
,,157,,,,SBS22H-1,SBS22H-1,HGS42-5,AHS11-5,FMS62QE-3,PWS82QB-5,EES82QFC-20,ZLUN-8,MGS22QE-3,ZQ10-10,,,,
,,158,,,,ZQ01-1,EES82QFC-4,PWS82QB-2,HGS42-9,FMS62QE-3,ZLUN-6,AHS11-9,MGS22QE-2,SBS22X-7,SBS22X-7,,,,
,,159,,,,PPS82QA-1,SBS22H-6,SBS22H-6,AHS11-4,FMS62QE-3,EES82QFC-16,HGS42-17,ZLUN-8,MGS22QT-19,ZQ10-10,,,,
,,160,,,,SBS22H-1,SBS22H-1,HGS42-7,AHS11-4,ZLUN-5,FMS62QE-4,MGS22QT-15,EES82QFC-21,PPS82QA-8,ZQ10-10,,,,
,,161,,,,ZQ01-1,HGS42-4,MGS22QT-7,ZLUN-4,FMS62QE-3,SBS22H-10,SBS22H-10,PPS82QA-7,AHS11-11,EES82QFC-30,,,,
,,162,,,,ZQ01-1,HGS42-4,MGS22QT-6,AHS11-4,ZLUN-5,FMS62QE-4,PPS82QA-6,SBS22H-13,ZQ09-9,EES82QFC-29,,,,
,,163,,,,SBS22H-1,SBS22H-1,MGS22QT-6,ZLUN-4,AHS11-7,UAS11-1,EES82QFC-19,PPS82QA-7,HGS42-21,FMS62QE-7,,,,
,,164,,,,HGS42-1,AHS11-2,MGS22QT-7,FMS62QE-2,EES82QFC-15,ZLUN-6,UDS11Q4-1,PPS82QA-7,SBS22H-18,SBS22H-18,,,,
,,165,,,,AHS11-1,MGS22QT-5,HGS42-5,FMS62QE-2,ZLUN-5,UFS11-1,SBS22H-13,SBS22H-13,PPS82QA-8,EES82QFC-30,,,,
,,166,,,,EES82QFC-1,MGS22QT-4,PPS82QA-2,UZS32-1,SBS22H-11,SBS22H-11,ZLUN-7,FMS62QE-5,AHS11-11,HGS42-23,,,,
,,167,,,,PPS82QA-1,AHS11-2,MGS22QT-8,EES82QFC-8,SBS22H-8,SBS22H-8,HGS42-17,ZLUN-8,ZQ09-9,FMS62QE-7,,,,
,,168,,,,MGS22QT-1,SBS22H-2,SBS22H-2,PPS82QA-3,AHS11-7,ZLUN-6,EES82QFC-19,FMS62QE-5,HGS42-20,ZQ10-10,,,,
,,169,,,,ZQ01-1,HGS42-4,AHS11-3,EES82QFC-9,MGS22QT-11,FMS62QE-4,ZLUN-7,PPS82QA-7,SBS22H-16,ZQ10-10,,,,
,,170,,,,PPS82QA-1,ZQ02-2,FMS62QE-1,ZLUN-4,AHS11-6,HGS42-14,MGS22QT-15,EES82QFC-23,SBS22H-18,SBS22H-18,,,,
,,171,,,,ZQ01-1,HGS42-4,SBS22H-7,SBS22H-7,FMS62QE-3,AHS11-8,MGS22QT-15,ZLUN-8,PPS82QA-8,EES82QFC-30,,,,
,,172,,,,MGS22QT-1,ZQ02-2,EES82QFC-7,PPS82QA-3,SBS22H-9,FMS62QE-4,ZLUN-7,AHS11-10,HGS42-20,ZQ10-10,,,,
,,173,,,,PPS82QA-1,EES82QFC-3,SBS22H-7,SBS22H-7,ZLUN-5,HGS42-14,AHS11-9,MGS22QT-18,FMS62QE-6,ZQ10-10,,,,
,,174,,,,SBS22H-3,SBS22H-3,EES82QFC-7,ZLUN-4,MGS22QT-12,AHS11-8,HGS42-15,FMS62QE-5,PPS82QA-8,ZQ10-10,,,,
,,175,,,,AHS11-1,ZQ02-2,MGS22QT-7,FMS62QE-2,ZLUN-5,HGS42-13,ZQ07-7,PPS82QA-7,SBS22H-16,EES82QFC-31,,,,
,,176,,,,ZQ01-1,MGS22QT-5,HGS42-5,AHS11-5,PPS82QA-4,SBS22H-11,EES82QFC-20,ZLUN-8,ZQ09-9,FMS62QE-7,,,,
,,177,,,,EES82QFC-1,HGS42-4,ZQ03-3,FMS62QE-2,ZLUN-5,AHS11-8,MGS22QT-16,PPS82QA-7,SBS22H-15,ZQ10-10,,,,
,,178,,,,MGS22QT-1,ZQ02-2,AHS11-3,EES82QFC-9,HGS42-12,FMS62QE-4,ZLUN-7,PPS82QA-7,SBS22H-16,ZQ10-10,,,,
,,179,,,,PPS82QA-1,EES82QFC-4,ZQ03-3,AHS11-4,HGS42-11,MGS22QT-13,ZLUN-7,FMS62QE-5,SBS22H-17,SBS22H-17,,,,
,,180,,,,ZQPD1-2,ZQ02-2,FMS62QE-1,PPS82QA-3,SBS22H-9,MGS22QT-13,ZLUN-7,HGS42-18,AHS11-11,EES82QFC-28,,,,
,,181,,,,PPS82QA-1,EES82QFC-5,MGS22QT-8,FMS62QE-2,ZLUN-5,SBS22H-10,SBS22H-10,HGS42-19,AHS11-11,ZQT10-1,,,,
,,182,,,,MGS22QT-2,HGS42-3,EES82QFC-7,SBS22X-2,SBS22X-2,ZLUN-6,PPS82QA-6,AHS11-10,FMS62QE-6,UAS11-4,,,,
,,183,,,,HGS42-2,ZQ02-2,SBS22X-3,SBS22X-3,FMS62QE-3,ZLUN-6,EES82QFC-20,AHS11-10,UAS11-3,MGS22QT-21,,,,
,,184,,,,PPS82QA-1,EES82QFC-4,FMS62QE-1,MGS22QT-10,AHS11-6,UFS11-1,ZLUN-7,SBS22X-6,SBS22X-6,HGS42-23,,,,
,,185,,,,PPS82QA-1,ZQ02-2,FMS62QE-1,HGS42-8,MGS22QT-12,EES82QFC-16,ZLUN-7,SBS22X-6,SBS22X-6,AHS11-12,,,,
,,186,,,,ZQ01-1,MGS22QT-5,EES82QFC-7,SBS22X-2,SBS22X-2,PPS82QA-5,HGS42-16,ZLUN-8,FMS62QE-6,AHS11-12,,,,
,,187,,,,HGS42-1,MGS22QT-4,EES82QFC-7,ZLUN-4,AHS11-7,FMS62QE-4,PPS82QA-6,SBS22X-6,SBS22X-6,ZQ10-10,,,,
,,188,,,,AHS11-1,MGS22QT-4,SBS22X-3,SBS22X-3,EES82QFC-13,PPS82QA-5,HGS42-16,ZLUN-8,FMS62QE-6,ZQ10-10,,,,
,,189,,,,ZQ01-1,MGS22QT-3,HGS42-7,FMS62QE-2,AHS11-6,SBS22X-5,SBS22X-5,ZLUN-8,EES82QFC-27,ZQ10-10,,,,
,,190,,,,MGS22QT-2,EES82QFC-3,FMS62QE-1,SBS22X-2,SBS22X-2,HGS42-13,ZLUN-7,AHS11-10,PPS82QA-8,ZQ10-10,,,,
,,191,,,,ZQ01-1,AHS11-2,SBS22H-5,PPS82QB-3,ZLUN-5,FMS62QE-4,EES82QFC-20,HGS42-19,MGS22QT-20,UAS11-4,,,,
,,192,,,,MGS22QT-1,HGS42-3,SBS22H-4,PPS82QB-3,AHS11-7,FMS62QE-4,ZLUN-7,EES82QFC-22,UAS11-3,ZQ10-10,,,,
,,193,,,,EES82QFC-2,HGS42-3,MGS22QT-6,AHS11-4,FMS62QE-3,UAS11-1,PPS82QB-6,ZLUN-8,SBS22H-17,SBS22H-17,,,,
,,194,,,,EES82QFC-2,UDS11Q2-1,SBS22H-4,SBS22H-4,PPS82QB-4,HGS42-13,ZLUN-7,FMS62QE-5,MGS22QT-20,AHS11-12,,,,
,,195,,,,AHS11-1,HGS42-4,SBS22H-7,SBS22H-7,FMS62QE-3,ZLUN-6,UDS11Q4-1,PPS82QB-7,MGS22QT-19,EES82QFC-28,,,,
,,196,,,,EES82QFC-2,MGS22QT-3,PPS82QB-2,ZLUN-4,HGS42-12,AHS11-8,UDS11Q4-1,SBS22H-16,SBS22H-16,FMS62QE-7,,,,
,,197,,,,ZQ01-1,EES82QFC-5,SBS22H-4,SBS22H-4,ZLUN-5,MGS22QT-13,AHS11-9,HGS42-19,PPS82QB-8,FMS62QE-7,,,,
,,198,,,,PPS82QB-1,ZQ02-2,MGS22QT-6,AHS11-5,ZLUN-5,FMS62QE-4,EES82QFC-19,HGS42-18,SBS22H-18,SBS22H-18,,,,
,,199,,,,AHS11-1,SBS22H-6,SBS22H-6,ZLUN-4,FMS62QE-3,HGS42-14,PPS82QB-6,EES82QFC-23,MGS22QT-20,ZQ10-10,,,,
,,200,,,,SBS22H-1,SBS22H-1,ZQ03-3,FMS62QE-2,PPS82QB-4,MGS22QT-14,EES82QFC-19,ZLUN-8,HGS42-20,AHS11-12,,,,
,,201,,,,ZQ01-1,HGS42-3,SBS22H-5,PPS82QB-3,AHS11-6,EES82QFC-16,ZLUN-7,MGS22QT-17,FMS62QE-6,ZQ10-10,,,,
,,202,,,,ZQ01-1,SBS22H-6,SBS22H-6,AHS11-5,ZLUN-5,EES82QFC-17,PPS82QB-6,HGS42-18,MGS22QT-19,FMS62QE-7,,,,
,,203,,,,ZQ01-1,MGS22QT-4,AHS11-3,ZLUN-4,EES82QFC-12,PPS82QB-5,SBS22H-12,HGS42-19,FMS62QE-6,ZQ10-10,,,,
,,204,,,,AHS11-1,EES82QFC-5,PPS82QB-2,HGS42-8,MGS22QT-12,ZLUN-6,SBS22H-13,SBS22H-13,ZQ09-9,FMS62QE-7,,,,
,,205,,,,ZQ01-1,SBS22H-6,SBS22H-6,AHS11-5,MGS22QT-11,ZLUN-6,EES82QFC-20,FMS62QE-5,PPS82QB-8,HGS42-22,,,,
,,206,,,,AHS11-1,MGS22QT-3,ZQ03-3,ZLUN-4,FMS62QE-3,PPS82QB-5,SBS22H-12,HGS42-19,EES82QFC-27,ZQ10-10,,,,
,,207,,,,ZQ01-1,SBS22H-6,SBS22H-6,EES82QFC-9,AHS11-6,PPS82QB-5,MGS22QT-15,ZLUN-8,HGS42-20,FMS62QE-7,,,,
,,208,,,,MGS22QT-1,ZQ02-2,PPS82QB-2,HGS42-9,SBS22H-8,SBS22H-8,ZLUN-7,FMS62QE-5,EES82QFC-24,AHS11-12,,,,
,,209,,,,AHS11-1,ZQ02-2,SBS22H-5,PPS82QB-3,ZLUN-5,MGS22QT-13,HGS42-15,FMS62QE-5,EES82QFC-27,ZQ10-10,,,,
,,210,,,,ZQ01-1,MGS22QT-3,EES82QFC-7,ZLUN-4,SBS22H-8,PPS82QB-5,HGS42-15,AHS11-10,FMS62QE-6,ZQ10-10,,,,
,,211,,,,ZQPD1-2,HGS42-3,MGS22QT-6,FMS62QE-2,PPS82QB-4,ZLUN-6,EES82QFC-20,AHS11-10,SBS22H-17,SBS22H-17,,,,
,,212,,,,SBS22H-3,SBS22H-3,HGS42-6,EES82QFC-11,AHS11-7,UAS11-1,ZLUN-7,PPS82QB-7,FMS62QE-6,MGS22QT-21,,,,
,,213,,,,MGS22QT-1,ZQ02-2,HGS42-6,ZLUN-4,AHS11-7,PPS82QB-5,SBS22H-12,FMS62QE-5,EES82QFC-26,UAS11-4,,,,
,,214,,,,EES82QFC-1,ZQ02-2,SBS22H-5,PPS82QB-3,AHS11-6,ZLUN-6,HGS42-16,FMS62QE-5,MGS22QT-20,ZQ10-10,,,,
,,215,,,,SBS22H-1,SBS22H-1,AHS11-3,EES82QFC-10,HGS42-12,FMS62QE-4,ZLUN-7,MGS22QT-17,PPS82QB-8,ZQT10-1,,,,
,,216,,,,MGS22QT-2,ZQ02-2,EES82QFC-6,FMS62QE-2,SBS22H-8,PPS82QB-5,ZLUN-7,AHS11-10,HGS42-20,ZT10-1,,,,
,,217,,,,HGS42-2,SBS22H-2,SBS22H-2,MGS22QT-9,EES82QFC-14,FMS62QE-4,AHS11-9,ZLUN-8,PPS82QB-8,ZT10-1,,,,
,,218,,,,ZQ01-1,MGS22QT-4,HGS42-7,SBS22X-2,SBS22X-2,FMS62QE-4,UDS11Q4-1,ZLUN-8,AHS11-11,EES82QFC-31,,,,
,,219,,,,HGS42-2,AHS11-2,SBS22X-3,SBS22X-3,ZLUN-5,UFS11-1,PPS82QB-6,MGS22QT-17,FMS62QE-6,EES82QFC-29,,,,
,,220,,,,ZQ01-1,ZQ02-2,HGS42-6,ZLUN-4,AHS11-7,SBS22X-4,SBS22X-4,EES82QFC-21,FMS62QE-6,MGS22QT-21,,,,
,,221,,,,AHS11-1,ZQ02-2,FMS62QE-1,EES82QFC-10,MGS22QT-12,HGS42-13,ZLUN-7,SBS22X-6,SBS22X-6,ZQ10-10,,,,
,,222,,,,AHS11-1,ZQ02-2,SBS22X-3,SBS22X-3,MGS22QT-11,HGS42-14,ZLUN-7,EES82QFC-21,PPS82QB-8,FMS62QE-7,,,,
,,223,,,,MGS22QT-1,ZQ02-2,FMS62QE-1,HGS42-9,EES82QFC-13,AHS11-8,ZLUN-7,SBS22X-6,SBS22X-6,ZQ10-10,,,,
,,224,,,,PPS82QB-1,ZQ02-2,HGS42-5,SBS22X-2,SBS22X-2,FMS62QE-4,MGS22QT-16,ZLUN-8,AHS11-11,EES82QFC-28,,,,
,,225,,,,ZQ01-1,HGS42-4,EES82QFC-6,AHS11-4,FMS62QE-3,PPS82QB-5,ZLUN-7,MGS22QT-18,SBS22X-7,SBS22X-7,,,,
,,226,,,,AHS11-1,ZQ02-2,EES82QFC-7,FMS62QE-2,HGS42-12,ZLUN-6,MGS22QT-15,SBS22X-6,SBS22X-6,ZQ10-10,,,,
,,227,,,,EES82QFC-2,PWS82QA-1,FMS62QE-1,UZS32-1,HGS42-12,MGS22QT-14,ZLUN-7,SBS22H-15,SBS22H-15,AHS11-12,,,,
,,228,,,,AHS11-1,PWS82QA-1,MGS22QT-7,EES82QFC-9,SBS22H-8,SBS22H-8,ZLUN-7,HGS42-19,FMS62QE-6,ZQ10-10,,,,
,,229,,,,ZQ01-1,MGS22QT-4,FMS62QE-1,HGS42-8,AHS11-6,EES82QFC-17,ZLUN-7,SBS22H-15,SBS22H-15,PWS82QA-7,,,,
,,230,,,,HGS42-2,PWS82QA-1,ZQ03-3,FMS62QE-2,AHS11-6,ZLUN-6,SBS22H-14,SBS22H-14,MGS22QT-19,EES82QFC-28,,,,
,,231,,,,SBS22H-3,SBS22H-3,PWS82QA-2,FMS62QE-2,AHS11-7,EES82QFC-17,ZQ07-7,ZLUN-8,HGS42-21,MGS22QT-21,,,,
,,232,,,,MGS22QT-1,EES82QFC-3,HGS42-5,ZLUN-4,FMS62QE-3,SBS22H-10,SBS22H-10,AHS11-10,PWS82QA-6,ZQT10-1,,,,
,,233,,,,EES82QFC-1,SBS22X-1,SBS22X-1,ZLUN-4,FMS62QE-3,AHS11-8,HGS42-15,UAS11-2,MGS22QT-20,PWS82QA-7,,,,
,,234,,,,HGS42-1,EES82QFC-3,FMS62QE-1,MGS22QT-10,ZLUN-5,SBS22X-5,SBS22X-5,AHS11-10,PWS82QA-6,ZQT10-1,,,,
,,235,,,,EES82QFC-2,UDS11Q2-1,HGS42-5,AHS11-4,ZLUN-5,MGS22QT-14,SBS22H-14,SBS22H-14,FMS62QE-6,PWS82QB-7,,,,
,,236,,,,HGS42-2,EES82QFC-5,AHS11-3,FMS62QE-2,ZLUN-5,PWS82QB-5,UDS11Q4-1,MGS22QT-18,SBS22H-17,SBS22H-17,,,,
,,237,,,,ZQ01-1,SBS22H-2,SBS22H-2,AHS11-4,FMS62QE-3,MGS22QT-14,ZLUN-7,HGS42-19,EES82QFC-27,PWS82QB-7,,,,
,,238,,,,ZQ01-1,SBS22H-2,SBS22H-2,EES82QFC-9,PWS82QB-4,HGS42-14,MGS22QT-16,ZLUN-8,AHS11-11,FMS62QE-7,,,,
,,239,,,,ZQ01-1,PWS82QB-1,SBS22H-5,SBS22H-5,MGS22QT-12,FMS62QE-4,HGS42-17,ZLUN-8,EES82QFC-27,AHS11-12,,,,
,,240,,,,SBS22H-3,SBS22H-3,MGS22QT-6,HGS42-10,EES82QFC-14,AHS11-8,ZLUN-7,FMS62QE-5,PWS82QB-6,ZQT10-1,,,,
,,241,,,,ZQ01-1,PWS82QB-1,AHS11-3,FMS62QE-2,MGS22QT-12,ZLUN-6,SBS22H-13,SBS22H-13,HGS42-20,EES82QFC-28,,,,
,,242,,,,SBS22H-1,SBS22H-1,FMS62QE-1,ZLUN-4,PWS82QB-4,AHS11-8,MGS22QT-15,UDS11Q8-1,HGS42-20,EES82QFC-31,,,,
,,243,,,,ZQ01-1,PWS82QB-1,SBS22H-4,SBS22H-4,HGS42-12,EES82QFC-17,ZLUN-7,MGS22QT-18,FMS62QE-6,AHS11-12,,,,
,,244,,,,HGS42-1,ZQ02-2,SBS22H-5,SBS22H-5,FMS62QE-3,MGS22QT-14,ZLUN-7,AHS11-10,PWS82QB-6,EES82QFC-28,,,,
,,245,,,,EES82QFC-1,PWS82QB-1,ZQ03-3,ZLUN-4,MGS22QT-11,SBS22X-5,SBS22X-5,FMS62QE-5,AHS11-11,HGS42-22,,,,
,,246,,,,ZQ01-1,PWS82QB-1,EES82QFC-6,ZLUN-4,AHS11-7,SBS22X-4,SBS22X-4,MGS22QT-17,HGS42-21,FMS62QE-7,,,,
,,247,,,,MQS82QP1-1,SBS22H-2,SBS22H-2,AHS11-5,ZLUN-5,EES82QFC-16,HGS42-17,MRS22H-4,PPS82QA-8,FMS62QE-7,,,,
,,248,,,,PPS82QB-1,AHS11-2,FMS62QE-1,EES82QFC-8,SBS22H-8,SBS22H-8,ZLUN-7,HGS42-19,UAS11-3,MRS22-20,,,,
,,249,,,,PPS82QB-1,ZQ02-2,MRS22-5,EES82QFC-11,HGS42-11,ZLUN-6,AHS11-9,FMS62QE-5,SBS22H-17,SBS22H-17,,,,
,,250,,,,ZQ01-1,MRS22-2,FMS62QE-1,SBS22X-2,SBS22X-2,EES82QFC-16,ZLUN-7,HGS42-18,AHS11-11,ZQ10-10,,,,
,,251,,,,MRS22-1,HGS42-3,SBS22X-3,SBS22X-3,AHS11-6,PWS82QA-5,ZLUN-7,UDS11Q8-1,FMS62QE-6,EES82QFC-31,,,,
,,252,,,,ZQ01-1,MRS22-4,AHS11-3,EES82QFC-11,ZLUN-5,SBS22X-4,SBS22X-4,HGS42-19,FMS62QE-6,PWS82QB-7,,,,
,,253,,,,PPS82QB-1,EES82QFC-4,HGS42XHG-1,MES11-1,AHS11-6,FMS62QE-4,ZLUN-7,SBS22H-16,SBS22H-16,MGS22QT-21,,,,
,,254,,,,ZQ01-1,UDS11Q2-1,FMS62QE-1,HGS42XHG-2,AHS11-7,PWS82QB-5,SBS22H-12,ZLUN-8,MGS22QE-3,EES82QFC-30,,,,
,,255,,,,ZQ01-1,SBS22H-6,SBS22H-6,HGS42XHG-2,PPS82QA-4,MGS22QT-14,ZLUN-7,FMS62QE-5,EES82QFC-27,AHS11-12,,,,
,,256,,,,ZQ01-1,AHS11-2,HGS42XHG-1,PPS82QA-3,ZLUN-5,FMS62QE-4,MGS22QT-15,EES82QFC-21,SBS22H-18,SBS22H-18,,,,
,,257,,,,PPS82QA-1,EES82QFC-3,FMS62QE-1,HGS42XHG-2,ZLUN-5,SBS22H-10,SBS22H-10,MGS22QT-18,AHS11-11,ZQ10-10,,,,
,,258,,,,ZQ01-1,AHS11-2,HGS42XHG-1,FMS62QE-2,SBS22H-8,PPS82QB-5,ZLUN-7,UDS11Q8-1,MGS22QT-19,EES82QFC-29,,,,
,,259,,,,ZQ01-1,AHS11-2,HGS42XHG-1,EES82QFC-10,ZLUN-5,SBS22H-10,PPS82QB-6,MGS22QT-18,FMS62QE-6,ZQ10-10,,,,
,,260,,,,ZQ01-1,AHS11-2,HGS42XHG-1,MGS22QT-9,PPS82QB-4,ZLUN-6,EES82QFC-19,FMS62QE-5,SBS22H-17,SBS22H-17,,,,
,,261,,,,EES82QFC-1,UDS11Q2-1,PWS82QB-2,HGS42XHG-2,SBS22H-8,SBS22H-8,ZLUN-7,MGS22QT-17,AHS11-11,FMS62QE-7,,,,
,,262,,,,MQS82QP1-1,FMS64-2,EES82QFC-6,PPS82QA-3,SBS22H-9,HGS42-13,ZLUN-7,MGS22QE-2,AHS11-11,ZQT10-1,,,,
,,263,,,,MQS82QP1-1,EES82QFC-3,FMS64-3,SBS22X-2,PWS82QB-4,HGS42-14,ZLUN-7,MGS22QE-2,AHS11-11,ZQ10-10,,,,
,,264,,,,ZQ01-1,SBS22X-1,SBS22X-1,PPS82QB-3,MGS22QE-1,AHS11-8,FMS64-8,ZLUN-8,EES82QFC-26,HGS42-23,,,,
,,265,,,,ZQ01-1,SBS22H-2,SBS22H-2,PPS82QA-3,ZLUN-5,HGS42-13,EES82QFC-20,FMS64-9,MGS22QT-20,AHS11-12,,,,
,,266,,,,MGS22QT-1,FMS64-2,SBS22H-7,SBS22H-7,ZLUN-5,UFS11-1,HGS42-15,AHS11-10,EES82QFC-26,PWS82QA-7,,,,
,,267,,,,MQS82QP1-1,FMS64-2,HGS42XHG-1,EES82QFC-10,MGS22QE-1,AHS11-8,ZLUN-7,PPS82QA-7,SBS22H-16,ZQ10-10,,,,
,,268,,,,ZQPD1-2,EES82QFC-3,FSS62QE-4,MES11-1,ZLUN-5,AHS11-8,PPS82QA-6,SBS22H-14,HGS42-21,MGS22QT-21,,,,
,,269,,,,ZQPD1-2,FSS62QE-3,HGS42-6,MES11-1,AHS11-6,ZLUN-6,PPS82QA-6,SBS22H-13,EES82QFC-24,MGS22QT-21,,,,
,,270,,,,MQS82QP1-1,SBS22X-1,SBS22X-1,PPS82QB-3,MGS22QE-1,ZLUN-6,FSS62QE-5,HGS42-18,EES82QFC-27,AHS11-12,,,,
,,271,,,,EES82QFC-1,AHS11-2,FSS62QE-4,ZLUN-4,PPS82QA-4,SBS22H-11,HGS42-17,UDS11Q8-1,MGS22QE-3,ZQT10-1,,,,
,,272,,,,HGS42-1,UDS11Q2-1,FSS62QE-4,AHS11-4,ZLUN-5,SBS22X-5,SBS22X-5,PPS82QB-7,MGS22QE-3,EES82QFC-28,,,,
,,273,,,,FSS62QE-1,ZQ02-2,AHS11-3,EES82QFC-10,MGS22QE-1,HGS42-14,ZLUN-7,SBS22X-6,SBS22X-6,ZQ10-10,,,,
,,274,,,,ZQ01-1,FSS62QE-2,SBS22H-7,SBS22H-7,MGS22QE-1,ZLUN-6,AHS11-9,HGS42-19,EES82QFC-27,PWS82QA-7,,,,
,,275,,,,ZQ01-1,MGS22QT-5,EES82QFC-7,ZLUN-4,AHS11-6,PPS82QA-5,HGS42-16,FSS62QE-6,SBS22H-18,SBS22H-18,,,,
,,276,,,,MGS22QT-1,FSS62QE-2,EES82QFC-6,HGS42-9,PPS82QA-4,SBS22H-11,ZLUN-7,AHS11-10,ZQ09-9,ZQ10-10,,,,
,,277,,,,AHS11-1,HGS42-4,FSS62QE-4,MGS22QT-10,EES82QFC-12,UAS11-1,ZLUN-7,PPS82QA-7,SBS22H-16,ZQ10-10,,,,
,,278,,,,EES82QFC-1,HGS42-4,AHS11-3,ZLUN-4,MGS22QT-12,UAS11-1,FSS62QE-5,PPS82QA-7,SBS22H-16,ZQ10-10,,,,
,,279,,,,FSS62QE-1,HGS42-3,SBS22H-5,SBS22H-5,AHS11-7,MGS22QT-14,ZLUN-7,EES82QFC-23,PPS82QA-8,UAS11-4,,,,
,,280,,,,FSS62QE-1,SBS22H-6,SBS22H-6,ZLUN-4,MGS22QT-11,AHS11-8,HGS42-17,UAS11-2,PPS82QA-8,EES82QFC-30,,,,
,,281,,,,FSS62QE-1,EES82QFC-5,HGS42-5,PPS82QA-3,SBS22H-9,UAS11-1,AHS11-9,ZLUN-8,MGS22QT-20,ZQT10-1,,,,
,,282,,,,FSS62QE-1,UDS11Q2-1,MGS22QT-6,EES82QFC-8,AHS11-7,ZLUN-6,HGS42-16,PPS82QA-7,SBS22H-15,ZQT10-1,,,,
,,283,,,,SBS22H-3,SBS22H-3,PPS82QA-2,ZLUN-4,MGS22QT-12,AHS11-8,UDS11Q4-1,FSS62QE-6,EES82QFC-24,HGS42-23,,,,
,,284,,,,MGS22QT-2,FSS62QE-3,EES82QFC-6,ZLUN-4,AHS11-6,PPS82QA-5,HGS42-16,UDS11Q8-1,SBS22H-17,SBS22H-17,,,,
,,285,,,,SBS22H-3,SBS22H-3,FSS62QE-4,ZLUN-4,AHS11-7,PPS82QA-5,HGS42-17,EES82QFC-23,MGS22QT-20,ZQ10-10,,,,
,,286,,,,MGS22QT-1,FSS62QE-3,HGS42-6,AHS11-5,PPS82QA-4,EES82QFC-17,ZLUN-7,SBS22H-15,SBS22H-15,ZQ10-10,,,,
,,287,,,,ZQ01-1,MGS22QT-3,SBS22H-7,SBS22H-7,ZLUN-5,EES82QFC-17,HGS42-16,FSS62QE-6,PPS82QA-8,AHS11-12,,,,
,,288,,,,FSS62QE-1,MGS22QT-5,HGS42-5,AHS11-4,ZLUN-5,SBS22H-10,SBS22H-10,EES82QFC-22,PPS82QA-8,ZQ10-10,,,,
,,289,,,,PPS82QA-1,MGS22QT-4,AHS11-3,ZLUN-4,SBS22H-11,SBS22H-11,EES82QFC-19,FSS62QE-6,HGS42-20,ZQ10-10,,,,
,,290,,,,FSS62QE-1,ZQ02-2,HGS42-5,ZLUN-4,SBS22H-8,SBS22H-8,AHS11-9,MGS22QT-18,PPS82QA-8,EES82QFC-28,,,,
,,291,,,,ZQPD1-2,AHS11-2,FSS62QE-4,EES82QFC-10,MGS22QT-12,HGS42-13,ZLUN-7,PPS82QA-7,SBS22H-16,ZQ10-10,,,,
,,292,,,,ZQPD1-2,FSS62QE-2,ZQ03-3,HGS42-10,MGS22QT-11,ZLUN-6,AHS11-9,PPS82QA-7,SBS22H-15,EES82QFC-29,,,,
,,293,,,,PPS82QA-1,EES82QFC-4,SBS22H-5,SBS22H-5,AHS11-6,HGS42-14,FSS62QE-5,ZLUN-8,MGS22QT-19,ZQT10-1,,,,
,,294,,,,ZQ01-1,FSS62QE-3,SBS22X-3,SBS22X-3,MGS22QT-11,HGS42-13,ZLUN-7,EES82QFC-23,AHS11-11,ZQ10-10,,,,
,,295,,,,ZQ01-1,FSS62QE-3,EES82QFC-7,SBS22X-2,SBS22X-2,ZLUN-6,AHS11-9,PPS82QA-7,MGS22QT-19,HGS42-22,,,,
,,296,,,,FSS62QE-1,ZQ02-2,AHS11-3,ZLUN-4,SBS22H-8,PPS82QB-5,UDS11Q4-1,MGS22QT-17,EES82QFC-25,HGS42-23,,,,
,,297,,,,MGS22QT-2,FSS62QE-2,SBS22H-4,PPS82QB-3,AHS11-6,UFS11-1,EES82QFC-20,ZLUN-8,HGS42-21,ZQ10-10,,,,
,,298,,,,SBS22H-1,SBS22H-1,FSS62QE-4,UMS11-1,AHS11-7,EES82QFC-17,HGS42-15,ZLUN-8,PPS82QB-8,MGS22QT-21,,,,
,,299,,,,ZQ01-1,FSS62QE-3,PPS82QB-2,HGS42-10,MGS22QT-12,AHS11-8,ZLUN-7,EES82QFC-23,SBS22H-17,SBS22H-17,,,,
,,300,,,,MGS22QT-2,FSS62QE-2,SBS22H-4,PPS82QB-3,HGS42-11,ZLUN-6,EES82QFC-20,AHS11-10,ZQ09-9,ZQ10-10,,,,
,,301,,,,SBS22H-3,SBS22H-3,PPS82QB-2,HGS42-9,AHS11-7,ZLUN-6,FSS62QE-5,MGS22QT-17,ZQ09-9,EES82QFC-30,,,,
,,302,,,,EES82QFC-2,AHS11-2,FSS62QE-4,HGS42-9,SBS22H-8,PPS82QB-5,MGS22QT-15,ZLUN-8,ZQ09-9,ZQ10-10,,,,
,,303,,,,SBS22H-1,SBS22H-1,FSS62QE-4,HGS42-9,PPS82QB-4,ZLUN-6,AHS11-9,MGS22QT-18,EES82QFC-27,ZQ10-10,,,,
,,304,,,,MGS22QT-2,SBS22H-6,SBS22H-6,AHS11-5,PPS82QB-4,HGS42-13,FSS62QE-5,ZLUN-8,EES82QFC-27,ZQ10-10,,,,
,,305,,,,SBS22H-3,SBS22H-3,PPS82QB-2,HGS42-9,ZLUN-5,MGS22QT-13,AHS11-9,FSS62QE-6,EES82QFC-27,ZQ10-10,,,,
,,306,,,,PPS82QB-1,FSS62QE-2,ZQ03-3,AHS11-5,MGS22QT-12,ZLUN-6,SBS22H-13,SBS22H-13,HGS42-21,EES82QFC-30,,,,
,,307,,,,ZQPD1-2,MGS22QT-3,PPS82QB-2,HGS42-10,EES82QFC-12,AHS11-8,FSS62QE-5,ZLUN-8,SBS22H-18,SBS22H-18,,,,
,,308,,,,ZQPD1-2,HGS42-4,EES82QFC-6,ZLUN-4,AHS11-6,PPS82QB-5,SBS22H-12,FSS62QE-6,MGS22QT-20,ZQT10-1,,,,
,,309,,,,EES82QFC-1,AHS11-2,SBS22H-4,SBS22H-4,HGS42-11,PPS82QB-5,ZLUN-7,FSS62QE-6,MGS22QT-20,ZQT10-1,,,,
,,310,,,,SBS22H-1,SBS22H-1,FSS62QE-4,AHS11-5,HGS42-12,EES82QFC-17,ZLUN-7,MGS22QT-17,PPS82QB-8,ZQT10-1,,,,
,,311,,,,ZQ01-1,FSS62QE-2,SBS22H-4,PPS82QB-3,HGS42-12,EES82QFC-17,MGS22QT-15,ZLUN-8,ZQ09-9,AHS11-12,,,,
,,312,,,,ZQ01-1,HGS42-3,MGS22QT-6,ZLUN-4,EES82QFC-14,SBS22H-12,SBS22H-12,FSS62QE-6,PPS82QB-8,AHS11-12,,,,
,,313,,,,ZQ01-1,FSS62QE-3,HGS42-7,MGS22QT-10,SBS22H-8,PPS82QB-5,ZLUN-7,AHS11-10,ZQ09-9,EES82QFC-29,,,,
,,314,,,,ZQ01-1,FSS62QE-2,SBS22H-5,PPS82QB-3,EES82QFC-15,HGS42-13,ZLUN-7,AHS11-10,MGS22QT-19,ZQ10-10,,,,
,,315,,,,MGS22QT-2,FSS62QE-3,EES82QFC-7,ZLUN-4,HGS42-12,AHS11-8,UDS11Q4-1,SBS22X-6,SBS22X-6,ZT10-1,,,,
,,316,,,,MGS22QT-1,FSS62QE-2,EES82QFC-6,AHS11-5,ZLUN-5,UFS11-1,HGS42-16,PPS82QB-7,SBS22X-7,SBS22X-7,,,,
,,317,,,,ZQ01-1,FSS62QE-2,HGS42-7,EES82QFC-9,AHS11-7,SBS22X-5,SBS22X-5,ZLUN-8,PPS82QB-8,MGS22QT-21,,,,
,,318,,,,ZQ01-1,FSS62QE-3,PPS82QB-2,HGS42-10,EES82QFC-12,MGS22QT-13,AHS11-9,ZLUN-8,SBS22X-7,SBS22X-7,,,,
,,319,,,,FSS62QE-1,ZQ02-2,AHS11-3,ZLUN-4,HGS42-11,MGS22QT-14,PPS82QB-6,SBS22X-6,SBS22X-6,EES82QFC-30,,,,
,,320,,,,ZQ01-1,AHS11-2,SBS22X-3,SBS22X-3,MGS22QT-11,PPS82QB-5,FSS62QE-5,ZLUN-8,HGS42-20,EES82QFC-29,,,,
,,321,,,,ZQ01-1,MGS22QT-3,PPS82QB-2,AHS11-4,ZLUN-5,EES82QFC-18,FSS62QE-5,HGS42-18,SBS22X-7,SBS22X-7,,,,
,,322,,,,FSS62QE-1,MGS22QT-5,HGS42-7,EES82QFC-10,AHS11-6,SBS22X-4,SBS22X-4,ZLUN-8,ZQ09-9,ZQ10-10,,,,
,,323,,,,ZQ01-1,FSS62QE-3,PPS82QB-2,AHS11-4,ZLUN-5,SBS22X-5,SBS22X-5,MGS22QT-18,EES82QFC-24,HGS42-23,,,,
,,324,,,,HGS42-1,MGS22QT-4,FSS62QE-4,EES82QFC-8,AHS11-6,UAS11-1,ZLUN-7,SBS22H-15,SBS22H-15,PWS82QA-7,,,,
,,325,,,,FSS62QE-1,PWS82QA-1,SBS22H-7,SBS22H-7,MGS22QT-11,HGS42-14,ZLUN-7,UAS11-2,AHS11-11,EES82QFC-28,,,,
,,326,,,,HGS42-2,FSS62QE-2,SBS22H-7,SBS22H-7,EES82QFC-15,AHS11-8,MGS22QT-15,ZLUN-8,PWS82QA-6,ZQ10-10,,,,
,,327,,,,ZQ01-1,HGS42-3,FSS62QE-4,AHS11-5,PWS82QA-4,SBS22H-11,MGS22QT-15,ZLUN-8,ZQ09-9,EES82QFC-28,,,,
,,328,,,,ZQPD1-2,PWS82QA-1,SBS22H-6,MGS22QT-10,ZLUN-5,UAS11-1,FSS62QE-5,AHS11-10,HGS42-21,EES82QFC-30,,,,
,,329,,,,ZQ01-1,MGS22QT-4,FSS62QE-4,AHS11-5,HGS42-12,PWS82QA-5,EES82QFC-19,ZLUN-8,SBS22H-18,SBS22H-18,,,,
,,330,,,,SBS22H-1,SBS22H-1,FSS62QE-4,EES82QFC-8,MGS22QT-11,AHS11-8,HGS42-15,ZLUN-8,PWS82QA-6,ZQ10-10,,,,
,,331,,,,FSS62QE-1,MGS22QT-5,SBS22H-5,SBS22H-5,AHS11-7,PWS82QA-5,ZLUN-7,HGS42-18,EES82QFC-26,ZQ10-10,,,,
,,332,,,,MGS22QT-2,SBS22X-1,SBS22X-1,AHS11-5,PWS82QA-4,ZLUN-6,HGS42-15,FSS62QE-6,EES82QFC-25,UAS11-4,,,,
,,333,,,,ZQ01-1,FSS62QE-2,HGS42-6,ZLUN-4,PWS82QA-4,SBS22X-4,SBS22X-4,MGS22QT-17,AHS11-11,EES82QFC-28,,,,
,,334,,,,FSS62QE-1,AHS11-2,PWS82QB-2,SBS22H-7,EES82QFC-15,MGS22QT-13,HGS42-16,ZLUN-8,UAS11-3,ZQT10-1,,,,
,,335,,,,SBS22H-1,SBS22H-1,MGS22QT-7,AHS11-5,PWS82QB-4,ZLUN-6,FSS62QE-5,UDS11Q8-1,HGS42-21,EES82QFC-30,,,,
,,336,,,,HGS42-2,PWS82QB-1,AHS11-3,UZS32-1,EES82QFC-15,ZLUN-6,FSS62QE-5,SBS22H-16,SBS22H-16,MGS22QT-21,,,,
,,337,,,,ZQ01-1,PWS82QB-1,MGS22QT-8,EES82QFC-8,AHS11-7,HGS42-14,FSS62QE-5,ZLUN-8,SBS22H-17,SBS22H-17,,,,
,,338,,,,ZQ01-1,FSS62QE-3,PWS82QB-2,SBS22H-7,HGS42-11,AHS11-8,ZLUN-7,EES82QFC-23,MGS22QT-20,ZQ10-10,,,,
,,339,,,,ZQ01-1,ZQ02-2,EES82QFC-6,ZLUN-4,AHS11-7,HGS42-13,MGS22QT-16,FSS62QE-6,PWS82QB-6,SBS22H-18,,,,
,,340,,,,EES82QFC-1,ZQ02-2,FSS62QE-4,AHS11-4,ZLUN-5,PWS82QB-5,SBS22H-12,HGS42-19,ZQ09-9,MGS22QT-21,,,,
,,341,,,,ZQ01-1,EES82QFC-5,FSS62QE-4,HGS42-10,ZLUN-5,SBS22H-10,SBS22H-10,MGS22QT-17,AHS11-11,PWS82QB-7,,,,
,,342,,,,ZQ01-1,SBS22H-6,SBS22H-6,ZLUN-4,AHS11-7,HGS42-13,PPS82QB-6,FSS62QE-6,MRS22-18,EES82QFC-31,,,,
,,343,,,,FSS62QE-1,AHS11-2,SBS22H-4,SBS22H-4,MRS22-11,ZLUN-6,EES82QFC-20,HGS42-19,PPS82QB-8,ZQ10-10,,,,
,,344,,,,ZQ01-1,FSS62QE-3,EES82QFC-7,SBS22H-9,SBS22H-9,ZLUN-6,HGS42-15,AHS11-10,PPS82QB-8,MRS22-19,,,,
,,345,,,,PPS82QA-1,SBS22H-3,HGS42XHG-1,MES11-1,ZLUN-5,MGS22QT-13,FSS62QE-5,EES82QFC-22,AHS11-11,ZQ10-10,,,,
,,346,,,,FSS62QE-1,SBS22H-6,SBS22H-6,HGS42XHG-2,AHS11-6,EES82QFC-17,ZLUN-7,MGS22QT-17,PPS82QA-8,UAS11-4,,,,
,,347,,,,ZQ01-1,FSS62QE-3,HGS42XHG-1,MGS22QT-10,AHS11-7,EES82QFC-18,ZLUN-7,PPS82QA-7,SBS22H-15,ZQ10-10,,,,
,,348,,,,ZQ01-1,FSS62QE-2,EES82QFC-6,HGS42XHG-2,SBS22H-11,SBS22H-11,PPS82QA-6,ZLUN-8,MGS22QT-20,AHS11-12,,,,
,,349,,,,ZQ01-1,AHS11-2,FSS62QE-4,HGS42XHG-2,PPS82QA-4,EES82QFC-16,MGS22QT-15,ZLUN-8,SBS22H-17,SBS22H-17,,,,
,,350,,,,ZQ01-1,EES82QFC-4,MGS22QT-7,HGS42XHG-2,PPS82QA-4,SBS22H-11,FSS62QE-5,ZLUN-8,AHS11-11,ZQ10-10,,,,
,,351,,,,MGS22QT-1,FSS62QE-3,HGS42XHG-1,AHS11-4,SBS22H-8,PPS82QB-5,ZLUN-7,EES82QFC-22,UAS11-3,ZQ10-10,,,,
,,352,,,,PPS82QB-1,FSS62QE-2,HGS42XHG-1,EES82QFC-10,ZLUN-5,MGS22QT-14,SBS22H-14,SBS22H-14,AHS11-11,ZQ10-10,,,,
,,353,,,,PPS82QB-1,MGS22QT-5,HGS42XHG-1,SBS22H-9,SBS22H-9,ZLUN-6,FSS62QE-5,EES82QFC-22,AHS11-11,ZQ10-10,,,,
,,354,,,,SBS22H-1,SBS22H-1,MGS22QT-7,HGS42XHG-2,PPS82QB-4,ZLUN-6,FSS62QE-5,EES82QFC-21,ZQ09-9,AHS11-12,,,,
,,355,,,,MQS82QP1-1,SBS22X-1,SBS22X-1,HGS42-8,EES82QFC-13,AHS11-8,PPS82QB-6,ZLUN-8,MGS22QE-3,FSS64QE-11,,,,
,,356,,,,MQS82QP1-1,FSS64QE-2,PWS82QB-2,SBS22H-7,ZLUN-5,HGS42-13,AHS11-9,EES82QFC-23,MGS22QE-3,ZQ10-10,,,,
,,357,,,,AHS11-1,ZQ02-2,PPS82QB-2,EES82QFC-8,MGS22QE-1,ZLUN-6,HGS42-17,SBS22X-6,SBS22X-6,FSS64QE-11,,,,
,,358,,,,ZQ01-1,ZQ02-2,AHS11-3,HGS42-9,ZLUN-5,SBS22X-4,SBS22X-4,EES82QFC-22,MGS22QE-3,FSS64QE-11,,,,
,,359,,,,ZQ01-1,EES82QFC-3,SBS22H-5,SBS22H-5,HGS42-11,ZLUN-6,AHS11-9,MGS22QE-2,PWS82QA-6,FSS64QE-10,,,,
,,360,,,,FSS64QE-1,PWS82QA-1,SBS22H-7,SBS22H-7,HGS42-12,EES82QFC-16,ZLUN-7,MGS22QE-2,AHS11-11,ZQT10-1,,,,
,,361,,,,AHS11-1,EES82QFC-5,FSS64QE-4,ZLUN-4,MGS22QT-12,SBS22H-10,SBS22H-10,UDS11Q8-1,PPS82QA-8,HGS42-23,,,,
,,362,,,,FSS64QE-1,ZQ02-2,HGS42-6,MGS22QT-9,EES82QFC-13,ZLUN-6,AHS11-9,PPS82QA-7,SBS22H-15,ZQ10-10,,,,
,,363,,,,ZQ01-1,EES82QFC-3,FSS64QE-4,AHS11-5,HGS42-12,ZLUN-6,PPS82QA-6,SBS22H-14,MGS22QT-19,UAS11-4,,,,
,,364,,,,FSS64QE-1,UDS11Q2-1,AHS11-3,ZLUN-4,HGS42-12,MGS22QT-14,PPS82QA-6,EES82QFC-23,SBS22H-18,SBS22H-18,,,,
,,365,,,,AHS11-1,UDS11Q2-1,MGS22QT-6,ZLUN-4,EES82QFC-14,HGS42-13,FSS64QE-8,PPS82QA-7,SBS22H-16,ZQT10-1,,,,
,,366,,,,SBS22H-1,SBS22H-1,ZQ03-3,MGS22QT-9,HGS42-12,PPS82QA-5,ZLUN-7,EES82QFC-22,FSS64QE-9,AHS11-12,,,,
,,367,,,,SBS22H-3,SBS22H-3,AHS11-3,ZLUN-4,PPS82QA-4,EES82QFC-16,FSS64QE-8,MGS22QT-18,HGS42-20,ZQ10-10,,,,
,,368,,,,MGS22QT-2,SBS22H-6,SBS22H-6,ZLUN-4,AHS11-7,PPS82QA-5,EES82QFC-20,HGS42-19,FSS64QE-9,ZQ10-10,,,,
,,369,,,,PPS82QA-1,SBS22H-6,SBS22H-6,AHS11-5,HGS42-11,FSS64QE-6,ZLUN-7,MGS22QT-17,EES82QFC-25,ZQT10-1,,,,
,,370,,,,AHS11-1,FSS64QE-2,EES82QFC-7,MGS22QT-9,PPS82QA-4,HGS42-14,ZLUN-7,SBS22X-6,SBS22X-6,ZQ10-10,,,,
,,371,,,,ZQ01-1,ZQ02-2,EES82QFC-6,MGS22QT-9,AHS11-7,HGS42-13,FSS64QE-8,ZLUN-8,SBS22X-7,SBS22X-7,,,,
,,372,,,,MGS22QT-1,FSS64QE-2,AHS11-3,SBS22X-2,SBS22X-2,PPS82QA-5,ZLUN-7,EES82QFC-22,HGS42-20,ZQ10-10,,,,
,,373,,,,AHS11-1,ZQ02-2,PPS82QB-2,HGS42-8,EES82QFC-13,MGS22QT-14,ZLUN-7,SBS22H-16,SBS22H-16,FSS64QE-11,,,,
,,374,,,,EES82QFC-1,ZQ02-2,FSS64QE-3,ZLUN-4,PPS82QB-4,SBS22H-10,SBS22H-10,MGS22QT-18,HGS42-20,AHS11-12,,,,
,,375,,,,AHS11-1,ZQ02-2,MGS22QT-6,EES82QFC-9,PPS82QB-4,ZLUN-6,HGS42-15,SBS22H-15,SBS22H-15,FSS64QE-10,,,,
,,376,,,,PPS82QB-1,UDS11Q2-1,SBS22X-3,SBS22X-3,EES82QFC-12,ZLUN-6,AHS11-9,HGS42-18,MGS22QT-20,FSS64QE-10,,,,
,,377,,,,ZQ01-1,EES82QFC-4,HGS42-7,SBS22X-2,SBS22X-2,UFS11-1,FSS64QE-8,ZLUN-8,MGS22QT-19,AHS11-12,,,,
,,378,,,,AHS11-1,FSS64QE-2,PWS82QA-2,HGS42-8,MGS22QT-12,EES82QFC-16,ZLUN-7,SBS22X-6,SBS22X-6,ZQ10-10,,,,
,,379,,,,ZQ01-1,FSS64QE-2,SBS22X-3,SBS22X-3,HGS42-11,ZLUN-6,AHS11-9,EES82QFC-21,MGS22QT-19,ZQT10-1,,,,
,,380,,,,FSS64QE-1,MGS22QT-5,SBS22X-3,SBS22X-3,EES82QFC-12,PWS82QB-5,ZLUN-7,UAS11-2,HGS42-20,AHS11-12,,,,
,,381,,,,MQS82QP1-1,MPS22X-2,FSS64QE-3,AHS11-4,UQS11-1,EES82QFC-18,ZLUN-7,HGS42-19,SBS22X-7,SBS22X-7,,,,
,,382,,,,UJS11-1,ZQ02-2,AHS11-3,EES82QFC-11,PPS82QA-4,SBS22H-11,HGS42-16,ZLUN-8,FSS64QE-9,MRS22-19,,,,
,,383,,,,HGS42-2,AHS11-2,MRS22-6,ZLUN-4,FSS64QE-5,SBS22X-4,SBS22X-4,UDS11Q8-1,PPS82QB-8,EES82QFC-31,,,,
,,384,,,,SBS22H-3,SBS22H-3,ZQ03-3,HGS42XHG-2,AHS11-7,ZLUN-6,PPS82QA-6,MGS22QE-2,FSS64QE-9,EES82QFC-31,,,,
,,385,,,,AHS11-1,MGS22QT-4,FSS64QE-4,HGS42XHG-2,PPS82QA-4,ZLUN-6,EES82QFC-19,SBS22H-16,SBS22H-16,ZQ10-10,,,,
,,386,,,,SBS22H-3,SBS22H-3,PWS82QA-2,HGS42XHG-2,AHS11-6,ZLUN-6,FSS64QE-8,EES82QFC-22,MGS22QT-20,ZQ10-10,,,,
,,387,,,,MGS22QT-1,FSS64QE-2,HGS42XHG-1,UZS32-1,PWS82QB-4,SBS22H-12,SBS22H-12,ZLUN-8,EES82QFC-24,AHS11-12,,,,
,,388,,,,ZQPD1-2,SBS22H-6,SBS22H-6,AHS11-4,HGS42-11,EES82QFC-16,PHS11-10,ZLUN-8,PWS82QA-6,MGS22QT-21,,,,
,,389,,,,ZQPD1-2,PWS82QA-1,HGS42-5,EES82QFC-11,AHS11-6,MGS22QT-13,ZLUN-7,SBS22H-15,SBS22H-15,ZQ10-10,,,,
,,390,,,,HGS42-1,MRS22-3,PHS11-5,FFS62QE-1,SBS22H-8,PPS82QB-5,ANS11QAS-2,ZLUN-8,EES82QFC-26,ZQ10-10,,,,
,,391,,,,FGS62-1,PWS82QA-1,SBS22H-4,SBS22H-4,PHS11-8,ZLUN-6,ANS11QAS-2,MGS22QT-17,EES82QFC-25,HGS42-22,,,,
,,392,,,,SBS22H-3,SBS22H-3,MGS22QT-7,ZLUN-4,PHS11-8,ANS11QAS-1,HGS42-15,FJS62-2,PPS82QA-8,EES82QFC-30,,,,
,,393,,,,PPS82QA-1,SBS22X-1,SBS22X-1,EES82QFC-8,ZLUN-5,ANS11QAS-1,HGS42-17,MGS22QT-17,FMS62QE-6,PHS11-13,,,,
,,394,,,,PHS11-1,MRS22-2,FSS62QE-4,PWS82QA-3,EES82QFC-12,ZLUN-6,ANS11QAS-2,HGS42-19,SBS22X-7,SBS22X-7,,,,
,,395,,,,EES82QFC-1,HGS42-4,PWS82QB-2,PHS11-7,MGS22QE-1,ANS11QAS-1,ZLUN-7,SBS22X-6,SBS22X-6,FSS64QE-10,,,,
,,396,,,,PPS82QA-1,SBS22H-3,EES82QFC-7,PHS11-6,FFS62QE-2,MGS22QT-13,ZLUN-7,EES11S-4,HGS42-20,ZT10-1,,,,
,,397,,,,PHS11-1,EES11S-1,MGS22QT-8,HGS42XHG-2,ZLUN-5,FFS62QE-3,PPS82QA-6,SBS22H-13,EES82QFC-25,ZT10-1,,,,
,,398,,,,PPS82QA-1,SBS22H-3,MGS22QT-7,PHS11-6,HGS42-11,EES11S-2,FJS62-1,ZLUN-8,EES82QFC-25,ZT10-1,,,,
,,399,,,,MGS22QT-1,EES11S-1,HGS42-5,PHS11-6,PPS82QA-4,SBS22H-11,ZLUN-7,FJS62-2,EES82QFC-26,ZT10-1,,,,
,,400,,,,MGS22QT-2,HGS42-4,PHS11-5,PPS82QA-3,SBS22H-9,EES11S-2,ZLUN-7,FLS62QE-1,EES82QFC-27,ZT10-1,,,,
,,401,,,,FMS64-1,SBS22X-1,SBS22X-1,ZLUN-4,PWS82QB-4,EES82QFC-18,HGS42-15,EES11S-4,MGS22QT-19,PHS11-13,,,,
,,402,,,,PPS82QA-1,HGS42-3,PHS11-5,MES11-1,EES82QFC-13,FFS62QE-3,MGS22QT-15,ZLUN-8,SBS22H-18,SBS22H-18,,,,
,,403,,,,ZQ01-1,MGS22QT-3,HGS42-5,MES11-1,ZLUN-5,FFS62QE-3,PPS82QA-6,SBS22H-13,EES82QFC-24,PHS11-13,,,,
,,404,,,,SBS22H-3,SBS22H-3,PPS82QA-2,MES11-1,MGS22QT-12,FFS62QE-3,ZLUN-7,PHS11-11,EES82QFC-26,HGS42-23,,,,
,,405,,,,HGS42-1,SBS22H-2,PPS82QA-2,MES11-1,EES82QFC-14,FFS62QE-3,ZLUN-7,MGS22QT-18,PHS11-12,ZQ10-10,,,,
,,406,,,,MQS82QP1-1,PHS11-2,HGS42-7,FFS62QE-1,MGS22QE-1,SBS22X-4,SBS22X-4,ZLUN-8,EES82QFC-25,UAS11-4,,,,
,,407,,,,HGS42-1,PHS11-3,EES82QFC-6,ZLUN-4,MGS22QE-1,FFS62QE-3,SBS22H-14,SBS22H-14,PPS82QA-8,UAS11-4,,,,
,,408,,,,PPS82QA-1,SBS22X-1,SBS22X-1,ZLUN-4,EES82QFC-12,FFS62QE-3,HGS42-15,MGS22QE-2,PHS11-12,ZT10-1,,,,
,,409,,,,EES82QFC-2,HGS42-4,PPS82QB-2,FFS62QE-1,ZLUN-5,SBS22H-12,SBS22H-12,PHS11-11,MGS22QE-3,ZQ10-10,,,,
,,410,,,,HGS42-1,UDS11Q2-1,PHS11-4,FFS62QE-1,EES82QFC-15,PPS82QB-5,ZLUN-7,MGS22QE-2,SBS22X-7,SBS22X-7,,,,
,,411,,,,EES82QFC-2,SBS22H-6,SBS22H-6,FFS62QE-1,PWS82QA-4,UAS11-1,HGS42-16,ZLUN-8,MGS22QE-3,PHS11-13,,,,
,,412,,,,PHS11-1,EES82QFC-4,SBS22H-5,SBS22H-5,FFS62QE-2,ZLUN-6,HGS42-15,MGS22QT-17,PPS82QA-8,UAS11-4,,,,
,,413,,,,ZQ01-1,MGS22QT-3,PPS82QA-2,ZLUN-4,FFS62QE-2,PHS11-9,HGS42-15,SBS22H-15,SBS22H-15,EES82QFC-28,,,,
,,414,,,,PHS11-1,MGS22QT-4,PPS82QA-2,FFS62QE-1,ZLUN-5,SBS22H-12,SBS22H-12,UAS11-2,EES82QFC-26,HGS42-22,,,,
,,415,,,,ZQ01-1,EES82QFC-4,MGS22QT-8,ZLUN-4,FFS62QE-2,PHS11-9,HGS42-16,PPS82QA-7,SBS22H-17,SBS22H-17,,,,
,,416,,,,ZQ01-1,EES82QFC-5,PHS11-5,FFS62QE-1,PPS82QA-4,HGS42-14,MGS22QT-16,ZLUN-8,SBS22H-17,SBS22H-17,,,,
,,417,,,,SBS22H-3,SBS22H-3,ZQ03-3,FFS62QE-1,ZLUN-5,EES82QFC-17,MGS22QT-15,PHS11-11,PPS82QA-8,HGS42-23,,,,
,,418,,,,HGS42-1,EES82QFC-5,MGS22QT-7,PPS82QA-3,FFS62QE-2,SBS22H-10,SBS22H-10,ZLUN-8,PHS11-12,ZQT10-1,,,,
,,419,,,,PPS82QA-1,MGS22QT-5,SBS22X-3,SBS22X-3,FFS62QE-2,ZLUN-6,PHS11-10,HGS42-18,EES82QFC-25,SQS88QP5-1,,,,
,,420,,,,PHS11-1,MGS22QT-5,PPS82QA-2,ZLUN-4,FFS62QE-2,UAS11-1,HGS42-17,EES82QFC-21,SBS22X-7,SBS22X-7,,,,
,,421,,,,HGS42-2,PHS11-2,MGS22QT-6,PPS82QA-3,ZLUN-5,FFS62QE-3,EES82QFC-19,SBS22X-6,SBS22X-6,ZQ10-10,,,,
,,422,,,,MGS22QT-2,SBS22X-1,SBS22X-1,PPS82QA-3,FFS62QE-2,ZLUN-6,EES82QFC-19,HGS42-18,ZQ09-9,PHS11-13,,,,
,,423,,,,ZQ01-1,PHS11-2,MGS22QT-7,FFS62QE-1,ZLUN-5,PPS82QA-5,HGS42-17,SBS22X-6,SBS22X-6,EES82QFC-30,,,,
,,424,,,,ZQ01-1,HGS42-3,PHS11-4,FFS62QE-1,ZLUN-5,PPS82QB-5,SBS22H-12,MGS22QT-17,EES82QFC-27,UAS11-4,,,,
,,425,,,,MGS22QT-1,UDS11Q2-1,EES82QFC-7,ZLUN-4,FFS62QE-2,PPS82QB-5,SBS22H-12,HGS42-19,PHS11-12,ZT10-1,,,,
,,426,,,,PHS11-1,MGS22QT-4,HGS42-5,FFS62QE-1,EES82QFC-15,ZLUN-6,PPS82QB-6,SBS22H-16,SBS22H-16,ZQ10-10,,,,
,,427,,,,ZQ01-1,MGS22QT-3,SBS22H-5,PPS82QB-3,ZLUN-5,FFS62QE-3,HGS42-16,EES82QFC-23,PHS11-12,ZQ10-10,,,,
,,428,,,,ZQ01-1,SBS22H-6,SBS22H-6,PHS11-6,ZLUN-5,FFS62QE-3,PPS82QB-6,EES82QFC-21,MGS22QT-19,HGS42-23,,,,
,,429,,,,ZQPD1-2,EES82QFC-5,ZQ03-3,FFS62QE-1,SBS22H-8,PPS82QB-5,ZLUN-7,PHS11-11,HGS42-20,MGS22QT-21,,,,
,,430,,,,EES82QFC-1,ZQ02-2,PHS11-4,FFS62QE-1,ZLUN-5,PPS82QB-5,SBS22H-12,UAS11-2,MGS22QT-20,HGS42-22,,,,
,,431,,,,HGS42-1,SBS22H-6,SBS22H-6,UMS11-1,PHS11-8,FFS62QE-3,EES82QFC-20,ZLUN-8,PPS82QB-8,MGS22QT-21,,,,
,,432,,,,ZQ01-1,SBS22H-2,SBS22H-2,HGS42-8,MGS22QT-11,FFS62QE-3,PPS82QB-6,ZLUN-8,EES82QFC-26,PHS11-13,,,,
,,433,,,,HGS42-1,ZQ02-2,SBS22H-5,PPS82QB-3,PHS11-8,FFS62QE-3,ZLUN-7,MGS22QT-18,EES82QFC-27,ZQT10-1,,,,
,,434,,,,MGS22QT-2,SBS22X-1,SBS22X-1,FFS62QE-1,EES82QFC-14,HGS42-14,ZLUN-7,PPS82QB-7,UAS11-3,PHS11-13,,,,
,,435,,,,HGS42-2,ZQ02-2,PPS82QB-2,ZLUN-4,FFS62QE-2,MGS22QT-13,EES82QFC-19,SBS22X-6,SBS22X-6,PHS11-13,,,,
,,436,,,,ZQ01-1,SBS22X-1,SBS22X-1,ZLUN-4,EES82QFC-14,FFS62QE-3,HGS42-16,PPS82QB-7,PHS11-12,MGS22QT-21,,,,
,,437,,,,ZQ01-1,HGS42-4,PHS11-4,FFS62QE-1,MGS22QT-12,PPS82QB-5,ZLUN-7,SBS22X-6,SBS22X-6,EES82QFC-30,,,,
,,438,,,,EES82QFC-1,PHS11-3,SBS22H-5,SBS22H-5,ZLUN-5,FFS62QE-3,MGS22QT-15,HGS42-18,UAS11-3,PWS82QA-7,,,,
,,439,,,,SBS22H-1,SBS22H-1,PWS82QA-2,FFS62QE-1,MGS22QT-11,ZLUN-6,HGS42-16,EES82QFC-23,ZQ09-9,PHS11-13,,,,
,,440,,,,ZQ01-1,SBS22H-2,PWS82QA-2,FFS62QE-1,ZLUN-5,UAS11-1,MGS22QT-16,PHS11-11,EES82QFC-25,HGS42-22,,,,
,,441,,,,MGS22QT-2,SBS22H-2,SBS22H-2,FFS62QE-1,EES82QFC-13,ZLUN-6,HGS42-15,PHS11-11,PWS82QB-6,UAS11-4,,,,
,,442,,,,HGS42-2,MGS22QT-4,ZQ03-3,PHS11-6,FFS62QE-2,PWS82QB-5,EES82QFC-19,ZLUN-8,SBS22H-18,SBS22H-18,,,,
,,443,,,,ZQ01-1,MGS22QT-4,SBS22H-4,SBS22H-4,FFS62QE-2,PHS11-9,EES82QFC-19,ZLUN-8,HGS42-20,PWS82QB-7,,,,
,,444,,,,MGS22QT-2,PHS11-2,HGS42-5,SBS22H-9,SBS22H-9,FFS62QE-3,EES82QFC-19,ZLUN-8,PWS82QB-6,ZQ10-10,,,,
,,445,,,,MRS22-1,PHS11-3,SBS22H-4,SBS22H-4,FFS62QE-2,ZLUN-6,HGS42-17,EES82QFC-23,PPS82QA-8,ZQ10-10,,,,
,,446,,,,ZQ01-1,HGS42-4,SBS22H-5,SBS22H-5,FFS62QE-2,ZLUN-6,PPS82QB-6,PHS11-11,MRS22-18,EES82QFC-31,,,,
,,447,,,,PPS82QB-1,MGS22QT-5,HGS42XHG-1,SBS22H-9,SBS22H-9,FFS62QE-3,ZQ07-7,ZLUN-8,PHS11-12,EES82QFC-31,,,,
,,448,,,,MQS82QP1-1,PWS82QB-1,SBS22H-5,SBS22H-5,HGS42-12,EES82QFC-16,MGS22QT-16,ZLUN-8,FFS64-3,PHS11-13,,,,
,,449,,,,FFS64-1,MGS22QT-3,EES82QFC-6,ZLUN-4,PHS11-8,HGS42-13,ZQ07-7,PPS82QA-7,SBS22H-15,ZQ10-10,,,,
,,450,,,,ZQ01-1,FFS64-2,EES82QFC-6,PHS11-6,PPS82QA-4,SBS22H-11,ZLUN-7,MGS22QT-18,HGS42-21,ZQ10-10,,,,
,,451,,,,FFS64-1,UDS11Q2-1,ZQ03-3,PHS11-7,ZLUN-5,HGS42-14,MGS22QT-16,EES82QFC-21,SBS22X-7,SBS22X-7,,,,
,,452,,,,PHS11-1,MGS22QT-3,SBS22X-3,SBS22X-3,PPS82QA-4,HGS42-13,ZLUN-7,UDS11Q8-1,FFS64-3,EES82QFC-29,,,,
,,453,,,,MGS22QT-1,FFS64-2,HGS42-6,PHS11-7,ZLUN-5,SBS22X-5,SBS22X-5,UDS11Q8-1,EES82QFC-25,ZQ10-10,,,,
,,454,,,,FFS64-1,PHS11-3,HGS42-6,UZS32-1,ZLUN-5,SBS22X-5,SBS22X-5,EES82QFC-21,MGS22QT-19,ZQ10-10,,,,
,,455,,,,FFS64-1,PHS11-3,ZQ03-3,HGS42-8,ZLUN-5,SBS22X-5,SBS22X-5,EES82QFC-21,MGS22QT-19,ZQ10-10,,,,
,,456,,,,ZQ01-1,FFS64-2,PPS82QB-2,SBS22H-7,ZLUN-5,MGS22QT-13,PHS11-10,HGS42-18,EES82QFC-26,ZQ10-10,,,,
,,457,,,,FFS64-1,MGS22QT-5,PPS82QB-2,UZS32-1,ZLUN-5,SBS22X-5,SBS22X-5,PHS11-11,EES82QFC-27,HGS42-22,,,,
,,458,,,,HGS42-1,SBS22X-1,SBS22X-1,PWS82QA-3,EES82QFC-14,ZLUN-6,UDS11Q4-1,PHS11-11,FFS64-3,MGS22QT-21,,,,
,,459,,,,MQS82QP1-1,PHS11-3,MPS22X-4,HGS42-9,ZLUN-5,EES82QFC-17,PPS82QA-6,SBS22H-14,FFS64-3,ZQT10-1,,,,
,,460,,,,ZQPD1-2,FGS62-2,PHS11-5,MES11-1,PWS82QA-4,SBS22H-11,MGS22QT-16,ZLUN-8,EES82QFC-24,HGS42-23,,,,
,,461,,,,MQS82QP1-1,FGS62-2,HGS42-5,UMS11-1,MGS22QE-1,EES82QFC-18,PHS11-10,ZLUN-8,SBS22X-7,SBS22X-7,,,,
,,462,,,,MQS82QP1-1,FGS62-2,EES82QFC-7,ZLUN-4,PHS11-8,PWS82QA-5,SBS22X-5,UDS11Q8-1,MGS22QE-3,HGS42-23,,,,
,,463,,,,FGS62-1,ZQ02-2,PWS82QA-2,PHS11-6,EES82QFC-14,ZLUN-6,HGS42-15,MGS22QE-2,SBS22H-18,SBS22H-18,,,,
,,464,,,,PPS82QA-1,FGS62-2,EES82QFC-6,HGS42-9,ZQ05-5,ZLUN-6,SBS22H-13,SBS22H-13,MGS22QT-19,PHS11-13,,,,
,,465,,,,FGS62-1,MGS22QT-5,HGS42-7,EES82QFC-9,ZLUN-5,PHS11-9,PPS82QA-6,SBS22H-13,UAS11-3,ZQ10-10,,,,
,,466,,,,PPS82QA-1,FGS62-2,SBS22H-7,SBS22H-7,EES82QFC-15,ZLUN-6,PHS11-10,HGS42-19,MGS22QT-20,UAS11-4,,,,
,,467,,,,FGS62-1,EES82QFC-4,PHS11-5,ZLUN-4,UQS11-1,MGS22QT-13,HGS42-16,PPS82QA-7,SBS22H-16,ZQ10-10,,,,
,,468,,,,ZQ01-1,FGS62-2,PHS11-5,ZLUN-4,PPS82QA-4,SBS22H-10,SBS22H-10,MGS22QT-18,EES82QFC-24,HGS42-22,,,,
,,469,,,,FGS62-1,PHS11-3,EES82QFC-7,HGS42-8,ZLUN-5,MGS22QT-13,SBS22H-14,SBS22H-14,PPS82QA-8,ZQ10-10,,,,
,,470,,,,FGS62-1,HGS42-4,PPS82QA-2,PHS11-7,MGS22QT-12,UAS11-1,ZLUN-7,SBS22X-6,SBS22X-6,EES82QFC-28,,,,
,,471,,,,ZQ01-1,FGS62-2,PPS82QA-2,HGS42-10,MGS22QT-12,ZLUN-6,PHS11-10,EES82QFC-21,SBS22X-7,SBS22X-7,,,,
,,472,,,,ZQ01-1,FGS62-2,PPS82QB-2,SBS22H-7,HGS42-12,EES82QFC-18,MGS22QT-15,ZLUN-8,UAS11-3,PHS11-13,,,,
,,473,,,,PPS82QB-1,FGS62-2,EES82QFC-6,ZLUN-4,PHS11-8,SBS22H-10,SBS22H-10,HGS42-19,MGS22QT-19,UAS11-4,,,,
,,474,,,,FGS62-1,MGS22QT-3,HGS42-5,ZLUN-4,SBS22H-8,SBS22H-8,EES82QFC-20,UDS11Q8-1,PPS82QB-8,PHS11-13,,,,
,,475,,,,FGS62-1,MGS22QT-3,PHS11-4,PPS82QB-3,EES82QFC-13,ZLUN-6,HGS42-15,SBS22H-16,SBS22H-16,ZQ10-10,,,,
,,476,,,,FGS62-1,EES82QFC-4,SBS22H-4,PPS82QB-3,ZLUN-5,MGS22QT-14,HGS42-16,PHS11-11,ZQ09-9,ZQ10-10,,,,
,,477,,,,FGS62-1,PHS11-2,EES82QFC-6,ZLUN-4,SBS22H-11,SBS22H-11,MGS22QT-16,HGS42-19,PPS82QB-8,ZQ10-10,,,,
,,478,,,,PHS11-1,FGS62-2,HGS42-5,SBS22X-2,SBS22X-2,EES82QFC-16,ZLUN-7,PPS82QB-7,MGS22QT-19,UAS11-4,,,,
,,479,,,,FGS62-1,MGS22QT-5,PHS11-5,SBS22X-2,SBS22X-2,ZLUN-6,HGS42-15,EES82QFC-23,ZQ09-9,ZQ10-10,,,,
,,480,,,,ZQ01-1,FGS62-2,PHS11-5,PPS82QB-3,ZLUN-5,SBS22X-4,SBS22X-4,MGS22QT-18,HGS42-21,EES82QFC-31,,,,
,,481,,,,ZQ01-1,FGS62-2,HGS42-5,SBS22H-9,SBS22H-9,EES82QFC-18,MGS22QT-15,ZLUN-8,PHS11-12,PWS82QA-7,,,,
,,482,,,,FGS62-1,EES82QFC-4,HGS42-7,MGS22QT-9,SBS22H-8,SBS22H-8,ZLUN-7,PHS11-11,PWS82QA-6,ZQ10-10,,,,
,,483,,,,ZQ01-1,FGS62-2,HGS42-6,ZLUN-4,MGS22QT-12,PWS82QA-5,SBS22H-13,SBS22H-13,PHS11-12,EES82QFC-31,,,,
,,484,,,,FGS62-1,PHS11-2,PWS82QA-2,MGS22QT-9,HGS42-11,EES82QFC-18,ZLUN-7,SBS22H-15,SBS22H-15,ZQ10-10,,,,
,,485,,,,ZQ01-1,FGS62-2,PHS11-4,HGS42-9,EES82QFC-14,MGS22QT-14,ZLUN-7,SBS22X-6,SBS22X-6,PWS82QA-7,,,,
,,486,,,,FGS62-1,PHS11-3,SBS22X-3,SBS22X-3,PWS82QA-4,MGS22QT-14,ZLUN-7,HGS42-18,EES82QFC-24,ZQ10-10,,,,
,,487,,,,FGS62-1,PWS82QB-1,MGS22QT-7,HGS42-8,EES82QFC-12,ZLUN-6,SBS22H-14,SBS22H-14,PHS11-12,ZQ10-10,,,,
,,488,,,,PHS11-1,FGS62-2,MGS22QT-6,HGS42-10,ZLUN-5,SBS22X-4,SBS22X-4,EES82QFC-22,UAS11-3,PWS82QB-7,,,,
,,489,,,,FGS62-1,SBS22X-1,SBS22X-1,PHS11-6,HGS42-12,MGS22QT-14,ZLUN-7,EES82QFC-22,ZQ09-9,PWS82QB-7,,,,
,,490,,,,PPS82QA-1,FGS62-2,MPS22X-3,PHS11-6,UYS11-1,SBS22X-5,SBS22X-5,ZLUN-8,HGS42-20,EES82QFC-30,,,,
,,491,,,,MRS22-1,FGS62-2,PWS82QA-2,EES82QFC-11,HGS42-12,PHS11-9,ZLUN-7,SBS22X-6,SBS22X-6,ZQ10-10,,,,
,,492,,,,MGS22QT-1,FGS62-2,HGS42XHG-1,MES11-1,ZLUN-5,SBS22H-12,SBS22H-12,PHS11-11,PPS82QA-8,EES82QFC-29,,,,
,,493,,,,FGS62-1,PHS11-2,MGS22QT-8,HGS42XHG-2,SBS22H-8,SBS22H-8,PPS82QA-6,ZLUN-8,EES82QFC-24,ZQ10-10,,,,
,,494,,,,FGS62-1,MGS22QT-3,HGS42XHG-1,PHS11-7,EES82QFC-12,PPS82QB-5,SBS22H-12,ZLUN-8,ZQ09-9,ZQ10-10,,,,
,,495,,,,EES82QFC-2,FGS62-2,HGS42XHG-1,MGS22QT-10,PHS11-8,SBS22H-12,SBS22H-12,ZLUN-8,PWS82QA-6,ZQ10-10,,,,
,,496,,,,ZQ01-1,MGS22QT-4,EES82QFC-7,MES11-1,HGS42-11,ZLUN-6,FJS62-1,PPS82QA-7,SBS22H-15,PHS11-13,,,,
,,497,,,,PHS11-1,SBS22H-2,SBS22H-2,MES11-1,ZLUN-5,PPS82QA-5,FJS62-1,HGS42-19,EES82QFC-27,MGS22QT-21,,,,
,,498,,,,MGS22QT-1,HGS42-4,PHS11-5,MES11-1,ZLUN-5,PWS82QB-5,SBS22H-12,FJS62-2,EES82QFC-24,ZQ10-10,,,,
,,499,,,,MQS82QP1-1,PHS11-3,SBS22X-3,SBS22X-3,MGS22QE-1,ZLUN-6,FJS62-1,HGS42-19,PPS82QB-8,EES82QFC-29,,,,
,,500,,,,MQS82QP1-1,PHS11-3,PPS82QB-2,ZLUN-4,MGS22QE-1,SBS22X-4,SBS22X-4,FJS62-2,HGS42-21,EES82QFC-31,,,,
,,501,,,,PPS82QB-1,HGS42-3,PHS11-4,SBS22H-9,SBS22H-9,ZLUN-6,FJS62-1,MGS22QE-2,ZQ09-9,EES82QFC-31,,,,
,,502,,,,PPS82QB-1,UDS11Q2-1,PHS11-4,SBS22X-2,SBS22X-2,ZLUN-6,FJS62-1,MGS22QE-2,EES82QFC-25,HGS42-22,,,,
,,503,,,,EES82QFC-2,SBS22H-6,SBS22H-6,HGS42-10,PHS11-8,ZQ06-6,FJS62-1,ZLUN-8,PPS82QA-8,MGS22QT-21,,,,
,,504,,,,HGS42-2,SBS22H-6,SBS22H-6,PHS11-6,EES82QFC-13,ZLUN-6,FJS62-1,MGS22QT-18,PPS82QA-8,ZQ10-10,,,,
,,505,,,,PHS11-1,MGS22QT-4,SBS22H-4,SBS22H-4,EES82QFC-14,HGS42-13,ZLUN-7,FJS62-2,PPS82QA-8,ZQ10-10,,,,
,,506,,,,MGS22QT-2,EES82QFC-4,HGS42-5,ZLUN-4,PPS82QA-4,SBS22H-11,PHS11-10,FJS62-2,ZQ09-9,ZQT10-1,,,,
,,507,,,,ZQPD1-2,HGS42-4,MGS22QT-7,PPS82QA-3,SBS22H-9,ZLUN-6,PHS11-10,FJS62-2,EES82QFC-24,ZQ10-10,,,,
,,508,,,,EES82QFC-2,MGS22QT-3,PHS11-5,ZLUN-4,PPS82QA-4,SBS22X-4,SBS22X-4,FJS62-2,HGS42-20,ZQ10-10,,,,
,,509,,,,ZQ01-1,UDS11Q2-1,MGS22QT-8,PHS11-7,ZLUN-5,PPS82QB-5,SBS22H-12,FJS62-2,HGS42-21,EES82QFC-31,,,,
,,510,,,,ZQ01-1,PHS11-3,MGS22QT-7,ZLUN-4,SBS22H-8,SBS22H-8,FJS62-1,PPS82QB-7,HGS42-20,EES82QFC-30,,,,
,,511,,,,HGS42-2,SBS22H-6,SBS22H-6,EES82QFC-9,PPS82QB-4,PHS11-9,FJS62-1,ZLUN-8,MGS22QT-20,ZQT10-1,,,,
,,512,,,,HGS42-2,PHS11-2,MGS22QT-8,SBS22X-2,SBS22X-2,ZLUN-6,UDS11Q4-1,FJS62-2,EES82QFC-27,ZQT10-1,,,,
,,513,,,,ZQ01-1,EES82QFC-5,MGS22QT-8,SBS22X-2,SBS22X-2,PHS11-9,FJS62-1,ZLUN-8,ZQ09-9,HGS42-23,,,,
,,514,,,,PPS82QB-1,SBS22X-1,SBS22X-1,PHS11-7,ZLUN-5,HGS42-14,FJS62-1,MGS22QT-17,EES82QFC-25,ZQ10-10,,,,
,,515,,,,ZQ01-1,EES82QFC-5,HGS42-7,ZLUN-4,PHS11-8,MGS22QT-14,FJS62-1,SBS22H-16,SBS22H-16,PWS82QA-7,,,,
,,516,,,,ZQ01-1,HGS42-3,PHS11-4,ZLUN-4,MGS22QT-11,SBS22H-12,SBS22H-12,FJS62-2,PWS82QA-6,EES82QFC-31,,,,
,,517,,,,PHS11-1,HGS42-3,PWS82QA-2,SBS22X-3,ZLUN-5,MGS22QT-13,UDS11Q4-1,FJS62-2,ZQ09-9,EES82QFC-29,,,,
,,518,,,,MGS22QT-2,HGS42-3,PHS11-5,ZLUN-4,SBS22H-8,PWS82QB-5,FJS62-1,EES82QFC-23,UAS11-3,ZQ10-10,,,,
,,519,,,,ZQ01-1,PHS11-3,ZQ03-3,HGS42-10,ZLUN-5,EES82QFC-18,MGS22QT-15,FJS62-2,PWS82QB-6,SBS22H-17,,,,
,,520,,,,ZQ01-1,MGS22QT-4,HGS42-7,EES82QFC-11,PPS82QB-4,ZLUN-6,FJS62-1,UAS11-2,SBS22H-18,SBS22H-18,,,,
,,521,,,,PPS82QA-1,UDS11Q2-1,EES82QFC-7,ZLUN-4,MRS22-10,HGS42-14,PHS11-10,FJS62-2,SBS22H-18,SBS22H-18,,,,
,,522,,,,EES82QFC-1,UDS11Q2-1,SBS22H-4,PPS82QB-3,ZLUN-5,PHS11-9,FJS62-1,HGS42-18,MRS22-16,ZQT10-1,,,,
,,523,,,,ZQ01-1,ZQ02-2,PHS11-4,HGS42-10,ZLUN-5,SBS22X-4,SBS22X-4,FJS62-2,MRS22-18,EES82QFC-30,,,,
,,524,,,,ZQ01-1,ZQ02-2,HGS42-6,SBS22X-2,SBS22X-2,ZLUN-6,PHS11-10,FJS62-2,MRS22-17,EES82QFC-29,,,,
,,525,,,,EES82QFC-2,MGS22QT-5,PPS82QA-2,HGS42XHG-2,PHS11-8,ZLUN-6,FJS62-1,UDS11Q8-1,SBS22H-18,SBS22H-18,,,,
,,526,,,,ZQ01-1,MGS22QT-4,PHS11-5,HGS42XHG-2,PWS82QA-4,SBS22H-11,ZLUN-7,FJS62-2,UAS11-3,EES82QFC-28,,,,
,,527,,,,ZQ01-1,MPS22XH-1,FJS64-2,UZS32-1,SBS22H-8,PPS82QB-5,ZLUN-7,PHS11-11,EES82QFC-26,HGS42-22,,,,
,,528,,,,MQS82QP1-1,SBS22H-6,SBS22H-6,MCS66C-2,HGS42-12,PHS11-9,ZLUN-7,FLS62QE-1,PPS82QB-8,EES82QFC-29,,,,
,,529,,,,PPS82QB-1,MGS22QT-3,PHS11-5,MES11-1,EES82QFC-15,HGS42-13,ZLUN-7,FLS62QE-1,SBS22H-17,SBS22H-17,,,,
,,530,,,,ZQ01-1,EES82QFC-5,PHS11-5,ZLUN-4,MGS22QE-1,PPS82QA-5,SBS22X-5,FLS62QE-1,HGS42-21,UAS11-4,,,,
,,531,,,,PPS82QB-1,PHS11-3,HGS42-6,EES82QFC-8,MGS22QE-1,SBS22X-4,SBS22X-4,ZLUN-8,FLS62QE-2,ZQ10-10,,,,
,,532,,,,ZQ01-1,EES82QFC-5,PPS82QA-2,HGS42-9,ZLUN-5,SBS22H-10,SBS22H-10,FLS62QE-1,PHS11-12,MGS22QT-21,,,,
,,533,,,,PHS11-1,EES82QFC-3,MGS22QT-8,PPS82QA-3,SBS22H-9,ZLUN-6,HGS42-16,UAS11-2,FLS62QE-2,ZQT10-1,,,,
,,534,,,,ZQ01-1,HGS42-3,MGS22QT-6,PPS82QA-3,SBS22H-9,ZLUN-6,UDS11Q4-1,PHS11-11,FLS62QE-2,EES82QFC-30,,,,
,,535,,,,SBS22H-3,SBS22H-3,PPS82QA-2,EES82QFC-8,HGS42-12,UFS11-1,PHS11-10,ZLUN-8,FLS62QE-2,MGS22QT-21,,,,
,,536,,,,SBS22H-1,SBS22H-1,HGS42-7,UZS32-1,ZLUN-5,PPS82QA-5,EES82QFC-20,FLS62QE-1,MGS22QT-20,PHS11-13,,,,
,,537,,,,ZQ01-1,PHS11-3,MGS22QT-7,ZLUN-4,SBS22H-8,SBS22H-8,PPS82QA-6,FLS62QE-1,HGS42-21,EES82QFC-28,,,,
,,538,,,,ZQ01-1,MGS22QT-3,SBS22H-7,SBS22H-7,PHS11-8,HGS42-13,PPS82QA-6,ZLUN-8,FLS62QE-2,EES82QFC-28,,,,
,,539,,,,ZQ01-1,PHS11-2,MGS22QT-8,EES82QFC-9,ZLUN-5,HGS42-13,PPS82QA-6,SBS22H-14,FLS62QE-2,ZQ10-10,,,,
,,540,,,,ZQ01-1,EES82QFC-4,PHS11-4,PPS82QA-3,SBS22H-9,HGS42-14,ZLUN-7,FLS62QE-1,ZQ09-9,MGS22QT-21,,,,
,,541,,,,ZQ01-1,PHS11-2,MGS22QT-8,EES82QFC-11,ZLUN-5,UAS11-1,HGS42-15,FLS62QE-1,SBS22X-7,SBS22X-7,,,,
,,542,,,,ZQ01-1,PHS11-3,MGS22QT-8,UZS32-1,ZLUN-5,PPS82QA-5,SBS22X-5,FLS62QE-1,EES82QFC-26,HGS42-22,,,,
,,543,,,,EES82QFC-1,HGS42-3,MGS22QT-6,PHS11-7,ZLUN-5,SBS22X-5,SBS22X-5,FLS62QE-1,ZQ09-9,ZQ10-10,,,,
,,544,,,,ZQ01-1,MGS22QT-5,PPS82QA-2,SBS22X-2,SBS22X-2,PHS11-9,ZLUN-7,FLS62QE-1,EES82QFC-26,HGS42-22,,,,
,,545,,,,MGS22QT-1,EES82QFC-5,PHS11-4,UMS11-1,SBS22H-8,PPS82QB-5,HGS42-17,ZLUN-8,FLS62QE-2,ZQT10-1,,,,
,,546,,,,SBS22H-3,SBS22H-3,PHS11-5,MGS22QT-9,EES82QFC-14,ZLUN-6,HGS42-17,PPS82QB-7,FLS62QE-2,ZQ10-10,,,,
,,547,,,,ZQ01-1,ZQ02-2,SBS22H-5,PPS82QB-3,MGS22QT-12,PHS11-9,ZLUN-7,FLS62QE-1,EES82QFC-25,HGS42-22,,,,
,,548,,,,PPS82QB-1,HGS42-4,PHS11-5,ZLUN-4,MGS22QT-12,SBS22H-10,SBS22H-10,EES82QFC-22,FLS62QE-2,UAS11-4,,,,
,,549,,,,EES82QFC-2,HGS42-4,MGS22QT-7,ZLUN-4,SBS22H-11,SBS22H-11,PHS11-10,FLS62QE-1,PPS82QB-8,ZQT10-1,,,,
,,550,,,,PPS82QB-1,MGS22QT-3,SBS22X-3,SBS22X-3,PHS11-8,HGS42-14,ZLUN-7,EES82QFC-21,FLS62QE-2,UAS11-4,,,,
,,551,,,,HGS42-2,SBS22X-1,SBS22X-1,ZLUN-4,EES82QFC-13,UFS11-1,MGS22QT-16,PPS82QB-7,FLS62QE-2,PHS11-13,,,,
,,552,,,,PHS11-1,EES82QFC-5,PPS82QB-2,MGS22QT-10,ZLUN-5,SBS22X-5,SBS22X-5,FLS62QE-1,HGS42-20,ZQ10-10,,,,
,,553,,,,ZQ01-1,PWS82QA-1,SBS22H-7,SBS22H-7,ZLUN-5,PHS11-9,EES82QFC-20,HGS42-18,FLS62QE-2,MGS22QT-21,,,,
,,554,,,,HGS42-2,EES82QFC-3,PWS82QA-2,MGS22QT-9,SBS22H-8,SBS22H-8,PHS11-10,ZLUN-8,FLS62QE-2,ZQ10-10,,,,
,,555,,,,ZQPD1-2,PHS11-3,HGS42-7,MGS22QT-10,PWS82QA-4,EES82QFC-18,ZLUN-7,FLS62QE-1,SBS22H-17,SBS22H-17,,,,
,,556,,,,MGS22QT-1,ZQ02-2,PHS11-5,SBS22X-2,SBS22X-2,HGS42-13,EES82QFC-19,ZLUN-8,FLS62QE-2,ZQ10-10,,,,
,,557,,,,PPS82QA-1,PHS11-3,HGS42XHG-1,MGS22QT-10,EES82QFC-15,ZLUN-6,SBS22H-13,SBS22H-13,FLS62QE-2,UAS11-4,,,,
,,558,,,,PHS11-1,ZQ02-2,HGS42XHG-1,PPS82QA-3,SBS22H-9,MGS22QT-14,ZLUN-7,EES82QFC-21,FLS62QE-2,ZQ10-10,,,,
,,559,,,,ZQ01-1,MGS22QT-3,PHS11-5,MES11-1,ZLUN-5,FMS62QE-4,PPS82QA-6,SBS22H-14,HGS42-20,EES82QFC-29,,,,
,,560,,,,MQS82QP1-1,PHS11-2,PPS82QA-2,EES82QFC-8,ZLUN-5,SBS22X-5,SBS22X-5,MGS22QE-2,FMS62QE-6,HGS42-22,,,,
,,561,,,,MQS82QP1-1,EES82QFC-4,PHS11-4,UZS32-1,MGS22QE-1,FMS62QE-4,HGS42-17,ZLUN-8,PWS82QA-6,SBS22X-7,,,,
,,562,,,,ZQ01-1,PHS11-2,SBS22X-3,SBS22X-3,ZLUN-5,EES82QFC-18,HGS42-17,UAS11-2,MGS22QE-3,FMS62QE-7,,,,
,,563,,,,UJS11-1,HGS42-4,SBS22X-3,SBS22X-3,ZLUN-5,FMS62QE-4,PPS82QA-6,MGS22QE-2,PHS11-12,EES82QFC-31,,,,
,,564,,,,PHS11-1,HGS42-3,PPS82QA-2,FMS62QE-2,UYS11-1,SBS22X-4,SBS22X-4,ZLUN-8,MGS22QE-3,EES82QFC-30,,,,
,,565,,,,SBS22H-1,SBS22H-1,HGS42-6,PHS11-7,FMS62QE-3,ZLUN-6,PPS82QB-6,MGS22QE-2,UAS11-3,EES82QFC-31,,,,
,,566,,,,SBS22H-1,SBS22H-1,PPS82QB-2,HGS42-8,EES82QFC-12,ZLUN-6,PHS11-10,MGS22QE-2,UAS11-3,FMS62QE-7,,,,
,,567,,,,EES82QFC-2,SBS22X-1,SBS22X-1,HGS42-10,FMS62QE-3,ZLUN-6,PHS11-10,MGS22QE-2,UAS11-3,ZQT10-1,,,,
,,568,,,,HGS42-2,PHS11-2,EES82QFC-6,ZLUN-4,PPS82QB-4,SBS22X-5,SBS22X-5,MGS22QE-2,ZQ09-9,FMS62QE-7,,,,
,,569,,,,PPS82QB-1,SBS22X-1,SBS22X-1,FMS62QE-2,EES82QFC-13,HGS42-14,ZLUN-7,PHS11-11,MGS22QE-3,ZQ10-10,,,,
,,570,,,,ZQ01-1,EES82QFC-4,UDS11Q3-1,PWS82QA-3,SBS22H-9,PHS11-9,ZLUN-7,MGS22QE-2,HGS42-21,FMS62QE-7,,,,
,,571,,,,HGS42-2,ZQ02-2,ZQ03-3,ZLUN-4,PWS82QA-4,SBS22H-11,EES82QFC-20,PHS11-11,MGS22QE-3,FMS62QE-7,,,,
,,572,,,,SBS22H-1,SBS22H-1,ZQ03-3,PHS11-7,FMS62QE-3,HGS42-14,ZLUN-7,MGS22QE-2,PWS82QA-6,EES82QFC-28,,,,
,,573,,,,ZQ01-1,PHS11-3,PWS82QA-2,ZLUN-4,MGS22QE-1,SBS22X-5,SBS22X-5,FMS62QE-5,EES82QFC-27,HGS42-23,,,,
,,574,,,,HGS42-2,PWS82QB-1,PHS11-5,UZS32-1,ZLUN-5,SBS22X-5,SBS22X-5,FMS62QE-5,MGS22QE-3,EES82QFC-30,,,,
,,575,,,,EES82QFC-1,HGS42-4,MGS22QT-7,UZS32-1,PHS11-8,SBS22H-10,SBS22H-10,ZLUN-8,PPS82QA-8,FMS62QE-7,,,,
,,576,,,,ZQPD1-2,PHS11-3,FMS62QE-1,HGS42-8,EES82QFC-13,ZLUN-6,PPS82QA-6,SBS22H-14,MGS22QT-19,ZQ10-10,,,,
,,577,,,,ZQ01-1,MGS22QT-5,EES82QFC-7,PHS11-7,PPS82QA-4,SBS22H-11,ZLUN-7,UAS11-2,FMS62QE-6,HGS42-22,,,,
,,578,,,,PHS11-1,HGS42-3,SBS22H-4,SBS22H-4,EES82QFC-13,PPS82QA-5,ZLUN-7,UAS11-2,FMS62QE-6,MGS22QT-21,,,,
,,579,,,,EES82QFC-1,MGS22QT-5,HGS42-6,PPS82QA-3,SBS22H-9,ZLUN-6,PHS11-10,FMS62QE-5,UAS11-3,ZQ10-10,,,,
,,580,,,,HGS42-2,ZQ02-2,FMS62QE-1,PHS11-6,MGS22QT-11,ZLUN-6,PPS82QA-6,SBS22H-14,EES82QFC-24,UAS11-4,,,,
,,581,,,,HGS42-1,PHS11-2,MGS22QT-6,PPS82QA-3,SBS22H-9,FMS62QE-4,UDS11Q4-1,ZLUN-8,EES82QFC-26,ZQT10-1,,,,
,,582,,,,SBS22H-3,SBS22H-3,MGS22QT-8,FMS62QE-2,ZLUN-5,HGS42-14,PPS82QA-6,UDS11Q8-1,PHS11-12,EES82QFC-28,,,,
,,583,,,,HGS42-1,MGS22QT-5,FMS62QE-1,PPS82QA-3,SBS22H-9,PHS11-9,ZLUN-7,UDS11Q8-1,EES82QFC-25,ZQT10-1,,,,
,,584,,,,PHS11-1,EES82QFC-5,PPS82QA-2,MGS22QT-9,ZLUN-5,UFS11-1,HGS42-15,FMS62QE-5,SBS22H-17,SBS22H-17,,,,
,,585,,,,MGS22QT-1,EES82QFC-4,FMS62QE-1,UZS32-1,PHS11-8,PPS82QA-5,HGS42-15,ZLUN-8,SBS22H-18,SBS22H-18,,,,
,,586,,,,PHS11-1,MGS22QT-3,PPS82QA-2,EES82QFC-10,HGS42-11,SBS22H-10,SBS22H-10,ZLUN-8,FMS62QE-6,ZQ10-10,,,,
,,587,,,,ZQ01-1,PHS11-3,FMS62QE-1,MGS22QT-9,PPS82QA-4,SBS22H-11,ZLUN-7,EES82QFC-21,HGS42-20,ZQ10-10,,,,
,,588,,,,ZQ01-1,PHS11-3,MGS22QT-7,HGS42-10,EES82QFC-15,FMS62QE-4,ZLUN-7,PPS82QA-7,SBS22H-15,ZQ10-10,,,,
,,589,,,,PPS82QA-1,PHS11-2,MGS22QT-6,EES82QFC-10,FMS62QE-3,ZLUN-6,HGS42-15,SBS22H-16,SBS22H-16,ZQ10-10,,,,
,,590,,,,EES82QFC-2,HGS42-4,MGS22QT-8,FMS62QE-2,PPS82QA-4,SBS22H-11,ZQ07-7,ZLUN-8,PHS11-12,ZQ10-10,,,,
,,591,,,,ZQ01-1,PHS11-3,ZQ03-3,FMS62QE-2,EES82QFC-13,ZLUN-6,MGS22QT-16,PPS82QA-7,SBS22H-16,HGS42-23,,,,
,,592,,,,EES82QFC-1,MGS22QT-4,PHS11-5,ZLUN-4,HGS42-11,FMS62QE-4,ZQ07-7,PPS82QA-7,SBS22H-15,ZQT10-1,,,,
,,593,,,,PPS82QA-1,MGS22QT-4,FMS62QE-1,PHS11-6,ZLUN-5,SBS22X-4,SBS22X-4,UAS11-2,HGS42-21,EES82QFC-31,,,,
,,594,,,,PPS82QA-1,MGS22QT-5,FMS62QE-1,SBS22X-2,SBS22X-2,UFS11-1,PHS11-10,ZLUN-8,EES82QFC-26,HGS42-22,,,,
,,595,,,,HGS42-1,PHS11-3,MGS22QT-7,FMS62QE-2,ZLUN-5,UFS11-1,PPS82QA-6,SBS22X-6,SBS22X-6,EES82QFC-31,,,,
,,596,,,,ZQ01-1,ZQ02-2,PHS11-4,HGS42-10,MGS22QT-11,SBS22X-5,SBS22X-5,ZLUN-8,FMS62QE-6,EES82QFC-29,,,,
,,597,,,,ZQ01-1,MGS22QT-4,PHS11-4,HGS42-9,ZLUN-5,SBS22X-4,SBS22X-4,EES82QFC-21,PPS82QA-8,FMS62QE-7,,,,
,,598,,,,ZQ01-1,PHS11-2,MGS22QT-8,SBS22X-2,SBS22X-2,ZLUN-6,PPS82QA-6,FMS62QE-5,HGS42-20,EES82QFC-31,,,,
,,599,,,,ZQ01-1,ZQ02-2,SBS22X-3,SBS22X-3,FMS62QE-3,ZLUN-6,MGS22QT-15,HGS42-18,PHS11-12,EES82QFC-30,,,,
,,600,,,,ZQ01-1,EES82QFC-3,HGS42-7,PHS11-6,PPS82QA-4,ZLUN-6,MGS22QT-15,SBS22X-6,SBS22X-6,FMS62QE-7,,,,
,,601,,,,PPS82QA-1,HGS42-4,MGS22QT-6,ZLUN-4,FMS62QE-3,SBS22X-4,SBS22X-4,PHS11-11,EES82QFC-25,ZQT10-1,,,,
,,602,,,,PPS82QB-1,MGS22QT-3,PHS11-4,ZLUN-4,FMS62QE-3,EES82QFC-18,HGS42-16,UDS11Q8-1,SBS22H-17,SBS22H-17,,,,
,,603,,,,SBS22H-1,SBS22H-1,FMS62QE-1,ZLUN-4,EES82QFC-13,PHS11-9,HGS42-15,PPS82QB-7,ZQ09-9,MGS22QT-21,,,,
,,604,,,,ZQ01-1,ZQ02-2,MGS22QT-7,HGS42-9,EES82QFC-14,PPS82QB-5,SBS22H-12,ZLUN-8,PHS11-12,FMS62QE-7,,,,
,,605,,,,ZQ01-1,MGS22QT-5,HGS42-6,ZLUN-4,PHS11-8,FMS62QE-4,EES82QFC-19,PPS82QB-7,SBS22H-18,SBS22H-18,,,,
,,606,,,,SBS22H-3,SBS22H-3,FMS62QE-1,EES82QFC-9,PHS11-8,MGS22QT-14,HGS42-16,ZLUN-8,PPS82QB-8,ZQ10-10,,,,
,,607,,,,ZQ01-1,MGS22QT-3,HGS42-7,PHS11-7,EES82QFC-15,PPS82QB-5,SBS22H-12,ZLUN-8,ZQ09-9,FMS62QE-7,,,,
,,608,,,,ZQ01-1,EES82QFC-4,MGS22QT-6,FMS62QE-2,PHS11-8,PPS82QB-5,HGS42-16,ZLUN-8,SBS22H-17,SBS22H-17,,,,
,,609,,,,ZQ01-1,PHS11-2,PPS82QB-2,HGS42-8,ZLUN-5,FMS62QE-4,MGS22QT-15,EES82QFC-22,SBS22H-17,SBS22H-17,,,,
,,610,,,,PHS11-1,ZQ02-2,SBS22H-4,PPS82QB-3,ZLUN-5,FMS62QE-4,HGS42-17,MGS22QT-18,ZQ09-9,EES82QFC-29,,,,
,,611,,,,EES82QFC-2,MGS22QT-5,PPS82QB-2,PHS11-7,SBS22H-11,SBS22H-11,ZLUN-7,FMS62QE-5,HGS42-21,ZQ10-10,,,,
,,612,,,,PPS82QB-1,PHS11-2,FMS62QE-1,HGS42-8,ZLUN-5,MGS22QT-13,SBS22H-13,SBS22H-13,EES82QFC-27,ZQ10-10,,,,
,,613,,,,ZQ01-1,ZQ02-2,MGS22QT-8,ZLUN-4,EES82QFC-12,SBS22H-10,PPS82QB-6,HGS42-19,PHS11-12,FMS62QE-7,,,,
,,614,,,,ZQ01-1,ZQ02-2,FMS62QE-1,HGS42-10,ZLUN-5,SBS22H-10,PPS82QB-6,EES82QFC-22,MGS22QT-20,PHS11-13,,,,
,,615,,,,PHS11-1,ZQ02-2,HGS42-7,EES82QFC-9,ZLUN-5,FMS62QE-4,SBS22H-13,SBS22H-13,PPS82QB-8,MGS22QT-21,,,,
,,616,,,,MGS22QT-2,PHS11-2,FMS62QE-1,PPS82QB-3,EES82QFC-12,HGS42-13,ZLUN-7,SBS22H-15,SBS22H-15,ZQ10-10,,,,
,,617,,,,PPS82QB-1,HGS42-3,MGS22QT-8,FMS62QE-2,ZLUN-5,UAS11-1,EES82QFC-19,PHS11-11,SBS22H-17,SBS22H-17,,,,
,,618,,,,PHS11-1,SBS22X-1,SBS22X-1,HGS42-9,EES82QFC-15,UAS11-1,MGS22QT-16,ZLUN-8,FMS62QE-6,ZQ10-10,,,,
,,619,,,,EES82QFC-1,MGS22QT-5,SBS22X-3,SBS22X-3,ZLUN-5,UFS11-1,PPS82QB-6,FMS62QE-5,HGS42-21,PHS11-13,,,,
,,620,,,,HGS42-2,MGS22QT-3,PHS11-5,UZS32-1,PPS82QB-4,FMS62QE-4,EES82QFC-20,ZLUN-8,SBS22X-7,SBS22X-7,,,,
,,621,,,,HGS42-1,ZQ02-2,PHS11-5,ZLUN-4,FMS62QE-3,SBS22X-4,SBS22X-4,MGS22QT-18,ZQ09-9,EES82QFC-29,,,,
,,622,,,,ZQ01-1,MGS22QT-5,PPS82QB-2,ZLUN-4,EES82QFC-12,SBS22X-4,SBS22X-4,FMS62QE-5,HGS42-20,PHS11-13,,,,
,,623,,,,ZQ01-1,SBS22X-1,SBS22X-1,EES82QFC-11,FMS62QE-3,HGS42-13,ZLUN-7,MGS22QT-17,PHS11-12,ZQ10-10,,,,
,,624,,,,ZQ01-1,HGS42-4,PPS82QB-2,ZLUN-4,PHS11-8,SBS22X-4,SBS22X-4,FMS62QE-5,EES82QFC-25,MGS22QT-21,,,,
,,625,,,,ZQ01-1,ZQ02-2,MGS22QT-7,ZLUN-4,FMS62QE-3,SBS22X-4,SBS22X-4,HGS42-18,PHS11-12,EES82QFC-29,,,,
,,626,,,,ZQ01-1,PHS11-2,FMS62QE-1,PPS82QB-3,MGS22QT-11,SBS22X-5,SBS22X-5,ZLUN-8,EES82QFC-24,HGS42-23,,,,
,,627,,,,ZQ01-1,MGS22QT-4,EES82QFC-6,PHS11-7,HGS42-11,PPS82QB-5,ZLUN-7,SBS22X-6,SBS22X-6,FMS62QE-7,,,,
,,628,,,,HGS42-2,MGS22QT-3,SBS22X-3,SBS22X-3,EES82QFC-15,ZLUN-6,PHS11-10,PPS82QB-7,FMS62QE-6,ZQT10-1,,,,
,,629,,,,MGS22QT-2,PHS11-2,FMS62QE-1,EES82QFC-8,ZLUN-5,SBS22X-4,SBS22X-4,HGS42-19,PPS82QB-8,ZQT10-1,,,,
,,630,,,,MGS22QT-2,HGS42-3,PHS11-4,ZLUN-4,PWS82QA-4,SBS22H-11,EES82QFC-20,UAS11-2,FMS62QE-6,ZQ10-10,,,,
,,631,,,,ZQ01-1,PWS82QA-1,MGS22QT-6,PHS11-6,EES82QFC-14,HGS42-14,ZLUN-7,SBS22H-15,SBS22H-15,FMS62QE-7,,,,
,,632,,,,ZQ01-1,PWS82QA-1,SBS22H-6,EES82QFC-10,PHS11-8,ZLUN-6,HGS42-15,FMS62QE-5,MGS22QT-19,ZQ10-10,,,,
,,633,,,,HGS42-1,ZQ02-2,SBS22H-5,SBS22H-5,ZLUN-5,EES82QFC-17,MGS22QT-16,PHS11-11,FMS62QE-6,PWS82QA-7,,,,
,,634,,,,ZQ01-1,MGS22QT-4,PHS11-5,ZLUN-4,PWS82QA-4,EES82QFC-17,HGS42-17,FMS62QE-5,SBS22H-17,SBS22H-17,,,,
,,635,,,,ZQ01-1,MGS22QT-5,HGS42-5,PWS82QA-3,SBS22H-9,FMS62QE-4,ZLUN-7,EES82QFC-21,PHS11-12,UAS11-4,,,,
,,636,,,,SBS22H-3,SBS22H-3,HGS42-7,FMS62QE-2,EES82QFC-15,ZLUN-6,MGS22QT-15,UDS11Q8-1,PHS11-12,PWS82QA-7,,,,
,,637,,,,MGS22QT-2,PHS11-2,PWS82QA-2,FMS62QE-2,HGS42-11,EES82QFC-18,ZQ07-7,ZLUN-8,SBS22H-17,SBS22H-17,,,,
,,638,,,,ZQPD1-2,PWS82QA-1,FMS62QE-1,ZLUN-4,HGS42-11,PHS11-9,EES82QFC-19,MGS22QT-17,SBS22H-17,SBS22H-17,,,,
,,639,,,,MGS22QT-2,PWS82QA-1,HGS42-7,SBS22X-2,SBS22X-2,FMS62QE-4,PHS11-10,ZLUN-8,EES82QFC-25,ZQ10-10,,,,
,,640,,,,ZQ01-1,PHS11-2,EES82QFC-7,ZLUN-4,MGS22QT-11,SBS22X-4,SBS22X-4,HGS42-18,PWS82QA-6,FMS62QE-7,,,,
,,641,,,,HGS42-2,SBS22H-6,SBS22H-6,PHS11-7,PWS82QB-4,MGS22QT-14,ZLUN-7,EES82QFC-22,FMS62QE-6,UAS11-4,,,,
,,642,,,,MGS22QT-1,HGS42-4,PHS11-4,FMS62QE-2,SBS22H-8,PWS82QB-5,ZLUN-7,UAS11-2,EES82QFC-26,ZQT10-1,,,,
,,643,,,,SBS22H-3,SBS22H-3,FMS62QE-1,UZS32-1,PWS82QB-4,EES82QFC-16,PHS11-10,ZLUN-8,MGS22QT-19,HGS42-23,,,,
,,644,,,,ZQ01-1,PHS11-2,MGS22QT-6,HGS42-10,EES82QFC-13,ZLUN-6,SBS22H-14,SBS22H-14,PWS82QB-6,FMS62QE-7,,,,
,,645,,,,ZQ01-1,MGS22QT-5,PHS11-4,EES82QFC-11,FMS62QE-3,ZLUN-6,SBS22H-14,SBS22H-14,HGS42-21,PWS82QB-7,,,,
,,646,,,,ZQ01-1,PHS11-2,PWS82QB-2,EES82QFC-9,HGS42-12,MGS22QT-14,ZLUN-7,SBS22H-16,SBS22H-16,FMS62QE-7,,,,
,,647,,,,ZQ01-1,SBS22H-6,SBS22H-6,MGS22QT-10,PHS11-8,FMS62QE-4,EES82QFC-20,ZLUN-8,PWS82QB-6,HGS42-23,,,,
,,648,,,,ZQ01-1,SBS22H-6,SBS22H-6,PHS11-6,FMS62QE-3,HGS42-14,MGS22QT-16,ZLUN-8,EES82QFC-25,PWS82QB-7,,,,
,,649,,,,ZQPD1-2,MGS22QT-5,PWS82QB-2,PHS11-6,EES82QFC-15,ZLUN-6,HGS42-16,FMS62QE-5,SBS22H-18,SBS22H-18,,,,
,,650,,,,ZQ01-1,PWS82QB-1,FMS62QE-1,HGS42-9,ZLUN-5,EES82QFC-17,SBS22H-13,SBS22H-13,MGS22QT-20,PHS11-13,,,,
,,651,,,,ZQ01-1,SBS22X-1,PWS82QB-2,HGS42-8,EES82QFC-15,MGS22QT-13,ZLUN-7,FMS62QE-5,PHS11-12,UAS11-4,,,,
,,652,,,,ZQ01-1,EES82QFC-4,HGS42-7,MGS22QT-10,FMS62QE-3,PWS82QB-5,PHS11-10,ZLUN-8,SBS22X-7,SBS22X-7,,,,
,,653,,,,MQS82QP1-1,EES82QFC-3,HGS42-6,SBS22X-2,SBS22X-2,PPS82QB-5,MRS22H-3,ZLUN-8,FMS62QE-6,PHS11-13,,,,
,,654,,,,ZQ01-1,PHS11-3,EES82QFC-6,ZLUN-4,SBS22H-8,PWS82QB-5,HGS42-17,MRS22-14,FMS62QE-6,ZQ10-10,,,,
,,655,,,,HGS42-1,SBS22H-2,PPS82QA-2,UMS11-1,FMS62QE-3,EES82QFC-17,ZLUN-7,PHS11-11,MRS22H-5,ZQT10-1,,,,
,,656,,,,ZQ01-1,ZQ02-2,HGS42XHG-1,MGS22QT-10,EES82QFC-14,ZLUN-6,PPS82QA-6,SBS22H-13,PHS11-12,FMS62QE-7,,,,
,,657,,,,SBS22H-1,SBS22H-1,PHS11-4,HGS42XHG-2,FMS62QE-3,PPS82QA-5,MGS22QT-16,ZLUN-8,EES82QFC-26,ZQ10-10,,,,
,,658,,,,ZQ01-1,ZQ02-2,MGS22QT-8,HGS42XHG-2,ZLUN-5,EES82QFC-16,PPS82QA-6,SBS22H-14,FMS62QE-6,PHS11-13,,,,
,,659,,,,EES82QFC-2,ZQ02-2,MGS22QT-6,HGS42XHG-2,ZLUN-5,PHS11-9,PPS82QA-6,FMS62QE-5,SBS22H-17,SBS22H-17,,,,
,,660,,,,PPS82QA-1,ZQ02-2,PHS11-5,HGS42XHG-2,EES82QFC-14,ZLUN-6,MGS22QT-16,FMS62QE-5,SBS22H-18,SBS22H-18,,,,
,,661,,,,ZQ01-1,EES82QFC-4,PPS82QA-2,HGS42XHG-2,ZLUN-5,PHS11-9,MGS22QT-15,SBS22H-16,SBS22H-16,FMS62QE-7,,,,
,,662,,,,PHS11-1,ZQ02-2,HGS42XHG-1,EES82QFC-8,PPS82QA-4,SBS22H-11,ZLUN-7,FMS62QE-5,MGS22QT-20,ZQ10-10,,,,
,,663,,,,EES82QFC-2,ZQ02-2,HGS42XHG-1,FMS62QE-2,ZLUN-5,SBS22X-5,SBS22X-5,PHS11-11,MGS22QT-20,ZQ10-10,,,,
,,664,,,,PHS11-1,ZQ02-2,HGS42XHG-1,MGS22QT-10,ZLUN-5,SBS22H-10,PPS82QB-6,EES82QFC-21,FMS62QE-6,ZQ10-10,,,,
,,665,,,,ZQ01-1,EES82QFC-3,MGS22QT-8,HGS42XHG-2,PHS11-8,PPS82QB-5,SBS22H-12,ZLUN-8,FMS62QE-6,ZQT10-1,,,,
,,666,,,,ZQ01-1,MRS22-3,PHS11-5,HGS42XHG-2,ZLUN-5,PPS82QB-5,SBS22H-12,FMS62QE-5,UAS11-3,EES82QFC-29,,,,
,,667,,,,ZQ01-1,MRS22-4,HGS42XHG-1,EES82QFC-10,ZLUN-5,FMS62QE-4,PHS11-10,SBS22H-15,SBS22H-15,PWS82QB-7,,,,
,,668,,,,MQS82QP1-1,EES82QFC-5,HGS42-5,PPS82QB-3,MGS22QE-1,FMS64-7,ZLUN-7,PHS11-11,SBS22X-7,SBS22X-7,,,,
,,669,,,,FMS64-1,ZQ02-2,PHS11-5,UZS32-1,ZLUN-5,SBS22X-4,SBS22X-4,HGS42-18,MGS22QE-3,EES82QFC-29,,,,
,,670,,,,MGS22QT-1,FMS64-2,ZQ03-3,UZS32-1,HGS42-11,ZLUN-6,EES82QFC-19,PPS82QA-7,SBS22H-15,PHS11-13,,,,
,,671,,,,FMS64-1,PHS11-2,HGS42-7,ZLUN-4,EES82QFC-15,SBS22H-12,SBS22H-12,UAS11-2,MGS22QT-20,PWS82QA-7,,,,
,,672,,,,MGS22QT-1,FSS62QE-2,HGS42-6,MES11-1,ZLUN-5,SBS22H-12,SBS22H-12,PHS11-11,PPS82QA-8,EES82QFC-30,,,,
,,673,,,,ZQPD1-2,PHS11-3,FSS62QE-4,MES11-1,HGS42-11,ZLUN-6,MGS22QT-16,EES82QFC-21,PPS82QB-8,SBS22H-17,,,,
,,674,,,,ZQPD1-2,FSS62QE-3,MGS22QT-7,MES11-1,EES82QFC-14,ZLUN-6,HGS42-17,PHS11-11,PPS82QB-8,SBS22H-18,,,,
,,675,,,,FSS62QE-1,MGS22QT-3,PWS82QA-2,MES11-1,ZLUN-5,SBS22H-10,SBS22H-10,PHS11-11,EES82QFC-25,HGS42-22,,,,
,,676,,,,MQS82QP1-1,UDS11Q2-1,FSS62QE-4,SBS22X-2,SBS22X-2,PHS11-9,ZLUN-7,EES82QFC-22,MGS22QE-3,HGS42-22,,,,
,,677,,,,MQS82QP1-1,EES82QFC-4,SBS22X-3,SBS22X-3,PHS11-8,ZLUN-6,PPS82QB-6,FSS62QE-6,MGS22QE-3,HGS42-23,,,,
,,678,,,,MQS82QP1-1,PHS11-3,PWS82QB-2,SBS22H-7,EES82QFC-14,ZLUN-6,FSS62QE-5,HGS42-18,MGS22QE-3,ZQ10-10,,,,
,,679,,,,ZQ01-1,FSS62QE-3,PHS11-4,EES82QFC-10,ZLUN-5,SBS22H-12,SBS22H-12,MGS22QE-2,PPS82QA-8,HGS42-23,,,,
,,680,,,,PPS82QA-1,FSS62QE-2,HGS42-5,ZLUN-4,EES82QFC-12,SBS22H-10,SBS22H-10,PHS11-11,MGS22QE-3,ZQ10-10,,,,
,,681,,,,FSS62QE-1,HGS42-4,PHS11-4,ZLUN-4,PPS82QB-4,SBS22X-4,SBS22X-4,UAS11-2,MGS22QE-3,EES82QFC-29,,,,
,,682,,,,FSS62QE-1,HGS42-3,EES82QFC-6,PPS82QB-3,ZLUN-5,SBS22X-5,SBS22X-5,MGS22QE-2,PHS11-12,ZQ10-10,,,,
,,683,,,,PHS11-1,HGS42-3,FSS62QE-4,SBS22X-2,SBS22X-2,PPS82QB-5,EES82QFC-19,ZLUN-8,MGS22QE-3,ZQT10-1,,,,
,,684,,,,FSS62QE-1,UDS11Q2-1,PWS82QB-2,SBS22H-7,HGS42-12,ZLUN-6,EES82QFC-20,MGS22QE-2,PHS11-12,ZQT10-1,,,,
,,685,,,,PHS11-1,SBS22X-1,SBS22X-1,ZLUN-4,MGS22QE-1,PWS82QB-5,FSS62QE-5,EES82QFC-22,HGS42-21,ZQT10-1,,,,
,,686,,,,ZQ01-1,FSS62QE-2,MGS22QT-8,PHS11-7,UQS11-1,ZLUN-6,PPS82QA-6,SBS22H-13,HGS42-20,EES82QFC-30,,,,
,,687,,,,SBS22H-3,SBS22H-3,FSS62QE-4,HGS42-9,ZLUN-5,PPS82QA-5,EES82QFC-19,MGS22QT-17,ZQ09-9,PHS11-13,,,,
,,688,,,,ZQ01-1,PHS11-3,FSS62QE-4,PPS82QA-3,SBS22H-9,EES82QFC-17,HGS42-16,ZLUN-8,MGS22QT-19,ZQT10-1,,,,
,,689,,,,ZQ01-1,FSS62QE-2,HGS42-6,PPS82QA-3,SBS22H-9,PHS11-9,ZLUN-7,MGS22QT-18,EES82QFC-27,ZQ10-10,,,,
,,690,,,,ZQ01-1,FSS62QE-3,MGS22QT-7,PHS11-6,EES82QFC-13,HGS42-13,ZLUN-7,PPS82QA-7,SBS22H-15,UAS11-4,,,,
,,691,,,,FSS62QE-1,PHS11-3,MGS22QT-7,SBS22H-9,SBS22H-9,UAS11-1,HGS42-15,ZLUN-8,PPS82QA-8,EES82QFC-30,,,,
,,692,,,,ZQ01-1,MGS22QT-5,FSS62QE-4,HGS42-8,EES82QFC-13,UAS11-1,ZLUN-7,PPS82QA-7,SBS22H-15,PHS11-13,,,,
,,693,,,,FSS62QE-1,PHS11-2,HGS42-7,EES82QFC-8,PPS82QA-4,UFS11-1,ZLUN-7,MGS22QT-17,SBS22H-17,SBS22H-17,,,,
,,694,,,,PHS11-1,HGS42-4,MGS22QT-8,PPS82QA-3,SBS22H-9,ZLUN-6,FSS62QE-5,EES82QFC-22,ZQ09-9,ZQ10-10,,,,
,,695,,,,SBS22H-1,SBS22H-1,MGS22QT-6,PHS11-6,ZQ05-5,PPS82QA-5,FSS62QE-5,ZLUN-8,HGS42-21,EES82QFC-29,,,,
,,696,,,,FSS62QE-1,ZQ02-2,MGS22QT-8,ZLUN-4,PHS11-8,EES82QFC-18,PPS82QA-6,SBS22H-14,HGS42-20,ZQ10-10,,,,
,,697,,,,FSS62QE-1,SBS22H-2,PPS82QA-2,HGS42-10,MGS22QT-11,PHS11-9,ZLUN-7,EES82QFC-22,ZQ09-9,ZQ10-10,,,,
,,698,,,,ZQ01-1,FSS62QE-2,ZQ03-3,ZLUN-4,MGS22QT-11,PHS11-9,HGS42-16,PPS82QA-7,SBS22H-16,EES82QFC-28,,,,
,,699,,,,ZQ01-1,PHS11-2,PPS82QA-2,HGS42-10,ZLUN-5,MGS22QT-14,FSS62QE-5,EES82QFC-21,SBS22H-18,SBS22H-18,,,,
,,700,,,,EES82QFC-2,SBS22H-6,SBS22H-6,PPS82QA-3,MGS22QT-12,PHS11-9,FSS62QE-5,ZLUN-8,ZQ09-9,HGS42-22,,,,
,,701,,,,ZQ01-1,FSS62QE-3,EES82QFC-7,PPS82QA-3,PHS11-8,MGS22QT-13,ZLUN-7,HGS42-19,SBS22H-17,SBS22H-17,,,,
,,702,,,,ZQPD1-2,MGS22QT-5,FSS62QE-4,ZLUN-4,HGS42-12,EES82QFC-16,PHS11-10,PPS82QA-7,SBS22H-15,ZQ10-10,,,,
,,703,,,,MGS22QT-2,EES82QFC-3,FSS62QE-4,SBS22X-2,SBS22X-2,UFS11-1,PHS11-10,ZLUN-8,PPS82QA-8,HGS42-22,,,,
,,704,,,,ZQ01-1,FSS62QE-2,PHS11-4,ZLUN-4,EES82QFC-14,SBS22X-4,SBS22X-4,PPS82QA-7,MGS22QT-19,HGS42-22,,,,
,,705,,,,HGS42-1,FSS62QE-2,PHS11-4,MGS22QT-9,EES82QFC-14,SBS22X-4,SBS22X-4,ZLUN-8,PPS82QA-8,ZQ10-10,,,,
,,706,,,,ZQ01-1,ZQ02-2,FSS62QE-4,HGS42-10,EES82QFC-12,SBS22X-5,SBS22X-5,ZLUN-8,PHS11-12,MGS22QT-21,,,,
,,707,,,,HGS42-1,FSS62QE-2,PHS11-5,PPS82QA-3,EES82QFC-15,ZLUN-6,MGS22QT-16,SBS22X-6,SBS22X-6,ZQ10-10,,,,
,,708,,,,PPS82QA-1,ZQ02-2,FSS62QE-4,ZLUN-4,EES82QFC-12,HGS42-14,MGS22QT-15,SBS22X-6,SBS22X-6,PHS11-13,,,,
,,709,,,,SBS22H-1,SBS22H-1,HGS42-5,PHS11-7,ZLUN-5,MGS22QT-13,FSS62QE-5,EES82QFC-23,PPS82QB-8,UAS11-4,,,,
,,710,,,,PPS82QB-1,FSS62QE-2,MGS22QT-6,ZLUN-4,EES82QFC-14,UAS11-1,SBS22H-14,SBS22H-14,HGS42-21,PHS11-13,,,,
,,711,,,,FSS62QE-1,MGS22QT-5,SBS22H-5,PPS82QB-3,ZLUN-5,EES82QFC-16,PHS11-10,UAS11-2,HGS42-20,ZQ10-10,,,,
,,712,,,,PHS11-1,FSS62QE-3,MGS22QT-7,HGS42-8,EES82QFC-13,ZLUN-6,SBS22H-14,SBS22H-14,PPS82QB-8,ZQ10-10,,,,
,,713,,,,SBS22H-1,SBS22H-1,PPS82QB-2,ZLUN-4,EES82QFC-15,PHS11-9,HGS42-17,FSS62QE-6,MGS22QT-20,ZQ10-10,,,,
,,714,,,,MGS22QT-1,PHS11-2,FSS62QE-4,HGS42-9,ZLUN-5,SBS22H-10,PPS82QB-6,EES82QFC-23,ZQ09-9,ZQ10-10,,,,
,,715,,,,FSS62QE-1,PHS11-3,PPS82QB-2,SBS22H-7,ZLUN-5,EES82QFC-17,HGS42-16,MGS22QT-17,ZQ09-9,ZQ10-10,,,,
,,716,,,,PHS11-1,FSS62QE-2,SBS22H-5,PPS82QB-3,HGS42-11,EES82QFC-18,ZLUN-7,MGS22QT-18,ZQ09-9,ZQ10-10,,,,
,,717,,,,PPS82QB-1,FSS62QE-2,MGS22QT-6,HGS42-8,ZLUN-5,SBS22H-10,SBS22H-10,EES82QFC-21,ZQ09-9,PHS11-13,,,,
,,718,,,,ZQ01-1,FSS62QE-2,SBS22H-4,PPS82QB-3,ZLUN-5,HGS42-13,PHS11-10,EES82QFC-23,MGS22QT-19,ZQ10-10,,,,
,,719,,,,ZQPD1-2,FSS62QE-3,SBS22H-4,PPS82QB-3,MGS22QT-12,ZLUN-6,HGS42-17,PHS11-11,EES82QFC-26,ZQ10-10,,,,
,,720,,,,ZQPD1-2,FSS62QE-2,SBS22H-5,PPS82QB-3,MGS22QT-11,HGS42-13,ZLUN-7,EES82QFC-22,PHS11-12,ZQ10-10,,,,
,,721,,,,ZQPD1-2,FSS62QE-3,HGS42-6,PHS11-7,SBS22H-8,PPS82QB-5,EES82QFC-19,ZLUN-8,MGS22QT-20,ZQ10-10,,,,
,,722,,,,PPS82QB-1,FSS62QE-2,MGS22QT-6,ZLUN-4,HGS42-11,UAS11-1,SBS22H-13,SBS22H-13,EES82QFC-27,PHS11-13,,,,
,,723,,,,ZQ01-1,FSS62QE-3,SBS22H-4,SBS22H-4,HGS42-12,MGS22QT-13,ZLUN-7,PPS82QB-7,PHS11-12,EES82QFC-31,,,,
,,724,,,,HGS42-2,SBS22X-1,SBS22X-1,UZS32-1,PPS82QB-4,EES82QFC-17,FSS62QE-5,ZLUN-8,MGS22QT-19,PHS11-13,,,,
,,725,,,,PPS82QB-1,FSS62QE-3,SBS22X-3,SBS22X-3,EES82QFC-12,MGS22QT-13,ZLUN-7,HGS42-19,PHS11-12,ZQ10-10,,,,
,,726,,,,ZQ01-1,FSS62QE-3,HGS42-7,SBS22X-2,SBS22X-2,MGS22QT-14,ZLUN-7,EES82QFC-23,ZQ09-9,PHS11-13,,,,
,,727,,,,PPS82QB-1,PHS11-2,SBS22X-3,SBS22X-3,ZLUN-5,HGS42-13,FSS62QE-5,EES82QFC-22,MGS22QT-19,ZQ10-10,,,,
,,728,,,,ZQ01-1,PHS11-3,PPS82QB-2,ZLUN-4,MGS22QT-12,SBS22X-5,SBS22X-5,FSS62QE-6,EES82QFC-27,HGS42-23,,,,
,,729,,,,ZQ01-1,FSS62QE-3,PPS82QB-2,HGS42-9,EES82QFC-12,ZLUN-6,MGS22QT-16,SBS22X-6,SBS22X-6,PHS11-13,,,,
,,730,,,,ZQ01-1,PHS11-2,FSS62QE-4,SBS22X-2,SBS22X-2,MGS22QT-14,ZLUN-7,PPS82QB-7,EES82QFC-26,HGS42-22,,,,
,,731,,,,ZQPD1-2,FSS62QE-2,MGS22QT-8,EES82QFC-8,HGS42-11,PHS11-9,ZLUN-7,SBS22X-6,SBS22X-6,ZQ10-10,,,,
,,732,,,,PPS82QB-1,FSS62QE-3,SBS22X-3,SBS22X-3,EES82QFC-14,ZLUN-6,HGS42-15,MGS22QT-18,PHS11-12,ZQT10-1,,,,
,,733,,,,ZQ01-1,SBS22H-6,SBS22H-6,ZLUN-4,MGS22QT-11,PHS11-9,HGS42-15,FSS62QE-6,EES82QFC-24,PWS82QA-7,,,,
,,734,,,,ZQ01-1,PHS11-2,FSS62QE-4,ZLUN-4,EES82QFC-14,HGS42-13,MGS22QT-16,SBS22H-16,SBS22H-16,PWS82QA-7,,,,
,,735,,,,ZQ01-1,MGS22QT-4,PHS11-4,ZLUN-4,PWS82QA-4,HGS42-14,FSS62QE-5,EES82QFC-21,SBS22H-18,SBS22H-18,,,,
,,736,,,,FSS62QE-1,PWS82QA-1,SBS22H-6,ZLUN-4,HGS42-11,PHS11-9,MGS22QT-16,EES82QFC-23,ZQ09-9,UAS11-4,,,,
,,737,,,,ZQ01-1,PHS11-2,SBS22H-7,SBS22H-7,ZLUN-5,EES82QFC-16,MGS22QT-15,FSS62QE-6,HGS42-21,PWS82QA-7,,,,
,,738,,,,PHS11-1,MGS22QT-4,SBS22H-4,SBS22H-4,EES82QFC-14,PWS82QA-5,FSS62QE-5,ZLUN-8,ZQ09-9,HGS42-23,,,,
,,739,,,,HGS42-1,EES82QFC-4,MGS22QT-7,PHS11-7,ZLUN-5,SBS22H-10,SBS22H-10,FSS62QE-6,PWS82QA-6,ZQ10-10,,,,
,,740,,,,ZQ01-1,EES82QFC-5,PHS11-4,MGS22QT-10,PWS82QA-4,ZLUN-6,FSS62QE-5,SBS22H-15,SBS22H-15,HGS42-23,,,,
,,741,,,,FSS62QE-1,EES82QFC-3,MGS22QT-8,PHS11-6,ZLUN-5,SBS22H-12,SBS22H-12,HGS42-18,PWS82QA-6,ZQT10-1,,,,
,,742,,,,HGS42-1,FSS62QE-2,PWS82QA-2,PHS11-7,ZLUN-5,UAS11-1,EES82QFC-19,MGS22QT-17,SBS22X-7,SBS22X-7,,,,
,,743,,,,ZQ01-1,MGS22QT-4,PWS82QB-2,PHS11-6,SBS22H-11,SBS22H-11,ZLUN-7,FSS62QE-6,EES82QFC-24,HGS42-22,,,,
,,744,,,,ZQ01-1,HGS42-3,FSS62QE-4,ZLUN-4,PHS11-8,PWS82QB-5,SBS22H-12,MGS22QT-18,EES82QFC-25,ZQ10-10,,,,
,,745,,,,FSS62QE-1,SBS22H-2,SBS22H-2,EES82QFC-11,PWS82QB-4,MGS22QT-14,PHS11-10,ZLUN-8,HGS42-21,ZQ10-10,,,,
,,746,,,,EES82QFC-1,ZQ02-2,MGS22QT-8,PHS11-7,SBS22H-8,PWS82QB-5,FSS62QE-5,ZLUN-8,ZQ09-9,HGS42-22,,,,
,,747,,,,MGS22QT-2,ZQ02-2,PHS11-4,ZLUN-4,PWS82QB-4,SBS22H-12,SBS22H-12,FSS62QE-6,EES82QFC-26,HGS42-23,,,,
,,748,,,,ZQ01-1,FSS62QE-2,PWS82QB-2,SBS22H-7,ZLUN-5,MGS22QT-13,PHS11-10,EES82QFC-23,HGS42-20,ZQ10-10,,,,
,,749,,,,HGS42-2,MGS22QT-3,PHS11-4,SBS22X-2,SBS22X-2,EES82QFC-18,ZLUN-7,FSS62QE-6,PWS82QB-6,UAS11-4,,,,
,,750,,,,HGS42-2,PWS82QB-1,FSS62QE-4,EES82QFC-11,ZLUN-5,MGS22QT-14,PHS11-10,UDS11Q8-1,SBS22X-7,SBS22X-7,,,,
,,751,,,,ZQ01-1,FSS62QE-3,MGS22QT-6,HGS42-9,EES82QFC-12,UAS11-1,ZLUN-7,PPS82QA-7,SBS22H-16,ZQ10-10,,,,
,,752,,,,MQS82QP1-1,FSS62QE-2,MPS22X-3,UZS32-1,EES82QFC-13,ZLUN-6,HGS42-16,PHS11-11,PPS82QB-8,SBS22H-18,,,,
,,753,,,,PHS11-1,FSS62QE-3,HGS42-7,ZLUN-4,SBS22H-8,SBS22H-8,PPS82QA-6,EES82QFC-22,MRS22-17,ZQ10-10,,,,
,,754,,,,FSS62QE-1,ZQ02-2,SBS22X-3,SBS22X-3,HGS42-11,ZLUN-6,EES82QFC-20,PHS11-11,MRS22-16,ZQ10-10,,,,
,,755,,,,FSS62QE-1,MRS22-4,PHS11-4,ZLUN-4,EES82QFC-13,UFS11-1,HGS42-17,PPS82QB-7,SBS22X-7,SBS22X-7,,,,
,,756,,,,FSS62QE-1,ZQ02-2,PHS11-4,HGS42-10,ZLUN-5,SBS22X-4,SBS22X-4,EES82QFC-23,ZQ09-9,MRS22-20,,,,
,,757,,,,ZQ01-1,FSS62QE-3,PHS11-4,EES82QFC-11,PWS82QB-4,SBS22H-10,SBS22H-10,ZLUN-8,HGS42-21,MRS22-19,,,,
,,758,,,,FSS62QE-1,EES82QFC-3,HGS42XHG-1,PHS11-6,ZLUN-5,MGS22QT-13,PPS82QA-6,SBS22H-14,UAS11-3,ZQ10-10,,,,
,,759,,,,ZQPD1-2,FSS62QE-3,MGS22QT-8,HGS42XHG-2,PHS11-8,ZLUN-6,PPS82QA-6,SBS22H-14,ZQ09-9,EES82QFC-28,,,,
,,760,,,,EES82QFC-1,PHS11-3,FSS62QE-4,HGS42XHG-2,ZLUN-5,PPS82QB-5,SBS22H-13,SBS22H-13,MGS22QT-20,UAS11-4,,,,
,,761,,,,SBS22H-3,SBS22H-3,PHS11-4,HGS42XHG-2,PPS82QB-4,ZLUN-6,FSS62QE-5,MGS22QT-18,ZQ09-9,EES82QFC-29,,,,
,,762,,,,EES82QFC-2,MGS22QT-3,PHS11-5,HGS42XHG-2,SBS22H-11,SBS22H-11,FSS62QE-5,ZLUN-8,PWS82QB-6,ZQ10-10,,,,
,,763,,,,EES82QFC-2,FSS62QE-3,HGS42XHG-1,UZS32-1,PHS11-8,ZLUN-6,MGS22QT-16,SBS22H-15,SBS22H-15,PWS82QB-7,,,,
,,764,,,,FSS64QE-1,EES82QFC-4,HGS42-5,MES11-1,MGS22QT-12,PHS11-9,PPS82QB-6,ZLUN-8,SBS22H-17,SBS22H-17,,,,
,,765,,,,MQS82QP1-1,HGS42-3,FSS64QE-3,PHS11-6,PPS82QA-4,SBS22H-11,ZLUN-7,EES82QFC-21,MGS22QE-3,ZQT10-1,,,,
,,766,,,,MQS82QP1-1,HGS42-3,FSS64QE-4,EES82QFC-11,PHS11-8,SBS22X-5,SBS22X-5,ZLUN-8,MGS22QE-3,PWS82QA-7,,,,
,,767,,,,PPS82QB-1,PHS11-2,HGS42-6,EES82QFC-9,UQS11-1,ZLUN-6,SBS22H-14,SBS22H-14,MGS22QE-3,FSS64QE-11,,,,
,,768,,,,ZQ01-1,FSS64QE-2,SBS22H-5,PPS82QB-3,HGS42-12,PHS11-9,ZLUN-7,EES82QFC-21,MGS22QE-3,ZQ10-10,,,,
,,769,,,,ZQ01-1,EES82QFC-5,HGS42-6,SBS22X-2,SBS22X-2,ZLUN-6,PHS11-10,UAS11-2,MGS22QE-3,FSS64QE-10,,,,
,,770,,,,PHS11-1,HGS42-4,SBS22X-3,SBS22X-3,PWS82QB-4,EES82QFC-16,ZLUN-7,MGS22QE-2,FSS64QE-9,ZQ10-10,,,,
,,771,,,,MGS22QT-2,SBS22H-2,PPS82QA-2,PHS11-6,EES82QFC-13,FSS64QE-7,ZLUN-7,UAS11-2,HGS42-21,ZQ10-10,,,,
,,772,,,,ZQ01-1,PHS11-3,MGS22QT-6,EES82QFC-9,ZLUN-5,HGS42-13,FSS64QE-8,PPS82QA-7,SBS22H-15,ZQ10-10,,,,
,,773,,,,PPS82QA-1,FSS64QE-2,SBS22H-7,SBS22H-7,HGS42-11,PHS11-9,ZLUN-7,MGS22QT-17,EES82QFC-24,ZQ10-10,,,,
,,774,,,,ZQ01-1,ZQ02-2,PHS11-4,HGS42-10,MGS22QT-12,EES82QFC-18,ZLUN-7,PPS82QA-7,SBS22H-15,FSS64QE-11,,,,
,,775,,,,ZQ01-1,HGS42-3,EES82QFC-7,MGS22QT-9,PPS82QA-4,SBS22H-11,PHS11-10,ZLUN-8,FSS64QE-9,ZQ10-10,,,,
,,776,,,,FSS64QE-1,ZQ02-2,PHS11-5,MGS22QT-9,ZLUN-5,EES82QFC-17,HGS42-16,PPS82QA-7,SBS22H-15,ZQT10-1,,,,
,,777,,,,FSS64QE-1,HGS42-3,MGS22QT-7,SBS22X-2,SBS22X-2,PPS82QA-5,ZLUN-7,PHS11-11,EES82QFC-25,UAS11-4,,,,
,,778,,,,MGS22QT-2,UDS11Q2-1,EES82QFC-7,PHS11-6,PPS82QA-4,FSS64QE-6,ZLUN-7,HGS42-19,SBS22X-7,SBS22X-7,,,,
,,779,,,,EES82QFC-1,SBS22X-1,SBS22X-1,PPS82QA-3,ZLUN-5,UFS11-1,HGS42-16,PHS11-11,MGS22QT-20,FSS64QE-10,,,,
,,780,,,,UJS11-1,EES82QFC-3,HGS42-5,PHS11-7,FSS64QE-5,ZLUN-6,PPS82QA-6,SBS22X-6,SBS22X-6,MGS22QT-21,,,,
,,781,,,,FSS64QE-1,ZQ02-2,SBS22X-3,SBS22X-3,ZLUN-5,PPS82QA-5,MGS22QT-15,PHS11-11,EES82QFC-24,HGS42-22,,,,
,,782,,,,ZQ01-1,FSS64QE-2,MGS22QT-8,ZLUN-4,EES82QFC-14,SBS22H-10,PPS82QB-6,HGS42-18,UAS11-3,PHS11-13,,,,
,,783,,,,ZQ01-1,MGS22QT-5,FSS64QE-4,ZLUN-4,PPS82QB-4,SBS22H-10,SBS22H-10,PHS11-11,EES82QFC-27,HGS42-22,,,,
,,784,,,,PPS82QB-1,SBS22H-2,SBS22H-2,HGS42-9,ZLUN-5,EES82QFC-18,PHS11-10,MGS22QT-17,FSS64QE-9,ZQT10-1,,,,
,,785,,,,PHS11-1,SBS22X-1,SBS22X-1,HGS42-8,ZLUN-5,MGS22QT-13,ZQ07-7,EES82QFC-22,UAS11-3,FSS64QE-11,,,,
,,786,,,,MGS22QT-1,HGS42-4,PHS11-5,ZLUN-4,FSS64QE-5,SBS22X-5,SBS22X-5,UAS11-2,PPS82QB-8,EES82QFC-31,,,,
,,787,,,,EES82QFC-2,UDS11Q2-1,PHS11-5,HGS42-10,FSS64QE-5,PPS82QB-5,ZLUN-7,MGS22QT-18,SBS22X-7,SBS22X-7,,,,
,,788,,,,PPS82QB-1,ZQ02-2,PHS11-5,ZLUN-4,EES82QFC-14,SBS22X-5,SBS22X-5,HGS42-19,MGS22QT-19,FSS64QE-10,,,,
,,789,,,,SBS22H-1,SBS22H-1,PWS82QB-2,HGS42-10,ZLUN-5,MGS22QT-13,FSS64QE-8,EES82QFC-23,PHS11-12,ZQ10-10,,,,
,,790,,,,HGS42-1,UDS11Q2-1,MGS22QT-6,PHS11-7,EES82QFC-12,ZLUN-6,FSS64QE-8,SBS22X-6,SBS22X-6,PWS82QB-7,,,,
,,791,,,,MQS82QP1-1,HGS42-3,FSS64QE-4,UMS11-1,PHS11-8,SBS22X-5,SBS22X-5,ZLUN-8,EES82QFC-24,MPS22X-18,,,,
,,792,,,,MQS82QP1-1,MPS22X-1,FSS64QE-3,PPS82QA-3,ZLUN-5,SBS22X-4,SBS22X-4,PHS11-11,EES82QFC-24,HGS42-22,,,,
,,793,,,,ZQ01-1,MRS22-2,FSS64QE-4,HGS42-10,PPS82QA-4,SBS22H-11,ZLUN-7,EES82QFC-22,PHS11-12,ZQ10-10,,,,
,,794,,,,ZQ01-1,MRS22-3,FSS64QE-3,PPS82QA-3,SBS22H-9,EES82QFC-16,HGS42-15,ZLUN-8,PHS11-12,ZQ10-10,,,,
,,795,,,,PHS11-1,SBS22H-2,SBS22H-2,HGS42XHG-2,ZLUN-5,EES82QFC-16,ZQ07-7,MGS22QT-18,PPS82QA-8,FSS64QE-11,,,,
,,796,,,,ZQ01-1,EES82QFC-5,HGS42-6,PHS11-7,MGS22QT-11,ZLUN-6,SBS22H-13,SBS22H-13,PPS82QA-8,FSS66-14,,,,
,,797,,,,PPS82QB-1,FSS66-2,MGS22QT-6,EES82QFC-9,ZLUN-5,PHS11-9,SBS22H-13,SBS22H-13,ZQ09-9,HGS42-22,,,,
,,798,,,,ZQPD1-2,PHS11-3,PWS82QB-2,HGS42-8,MGS22QT-12,ZLUN-6,SBS22H-13,SBS22H-13,ZQ09-9,EES82QFC-31,,,,
,,799,,,,ZQ01-1,ZQ02-2,MPS22X-4,PPS88QA-2,ZQ05-5,ZQ06-6,ZQ07-7,ZQ08-8,ZQ09-9,ZQ10-10,,,,
