SchoolDbn,SchoolYear,TermID,StudentID,LastName,FirstName,OffClass,Gender,Course1,Course2,Course3,Course4,Course5,Course6,Course7,Course8,Course9,Course10,Course11,Course12,Course13,Course14,Course15
02M475,2024,2,0,zero,zero,,,AHS11,EES11S,EES82QFC,FSS62QE,HGS42,MGS22QT,PPS82QA,SBS22H,SBS44QLB,ZLUN,ZT10,,,,
02M475,2024,2,1,,,,,AHS11,EES82QFC,FFS62QE,HGS42,MES11,MGS22QT,PPS82QA,SBS22X,ZLUN,ZQFB3,ZQFB7,,,,
02M475,2024,2,2,,,,,AHS11,EES82QFC,FFS62QE,HGS42,MES11,MGS22QT,PPS82QB,SBS22H,SBS44QLA,ZLUN,ZQPD1,,,,
02M475,2024,2,3,,,,,AHS11,EES82QFC,FFS62QE,HGS42,MES11,MGS22QT,PWS82QA,SBS22H,SBS44QLB,ZLUN,,,,,
02M475,2024,2,4,,,,,AHS11,EES82QFC,FFS62QE,HGS42,MGS22QE,PPS82QA,SBS22X,ZLUN,,,,,,,
02M475,2024,2,5,,,,,AHS11,EES82QFC,FFS62QE,HGS42,MGS22QE,PPS82QA,SBS22X,ZLUN,ZQ03,,,,,,
02M475,2024,2,6,,,,,AHS11,EES82QFC,FFS62QE,HGS42,MGS22QE,PPS82QA,SBS22X,ZLUN,ZQFB3,,,,,,
02M475,2024,2,7,,,,,AHS11,EES82QFC,FFS62QE,HGS42,MGS22QE,PPS82QB,SBS22H,SBS44QLA,ZLUN,ZQ03,,,,,
02M475,2024,2,8,,,,,AHS11,EES82QFC,FFS62QE,HGS42,MGS22QT,PPS82QA,SBS22H,SBS44QLA,ZLUN,ZQFB6,,,,,
02M475,2024,2,9,,,,,AHS11,EES82QFC,FFS62QE,HGS42,MGS22QT,PPS82QA,SBS22H,SBS44QLB,UAS11,ZLUN,ZQT10,,,,
02M475,2024,2,10,,,,,AHS11,EES82QFC,FFS62QE,HGS42,MGS22QT,PPS82QA,SBS22H,SBS44QLB,UQS11,ZLUN,ZQT10,,,,
02M475,2024,2,11,,,,,AHS11,EES82QFC,FFS62QE,HGS42,MGS22QT,PPS82QA,SBS22H,SBS44QLB,ZLUN,,,,,,
02M475,2024,2,12,,,,,AHS11,EES82QFC,FFS62QE,HGS42,MGS22QT,PPS82QA,SBS22H,SBS44QLB,ZLUN,,,,,,
02M475,2024,2,13,,,,,AHS11,EES82QFC,FFS62QE,HGS42,MGS22QT,PPS82QA,SBS22H,SBS44QLB,ZLUN,,,,,,
02M475,2024,2,14,,,,,AHS11,EES82QFC,FFS62QE,HGS42,MGS22QT,PPS82QA,SBS22H,SBS44QLB,ZLUN,ZQPD1,,,,,
02M475,2024,2,15,,,,,AHS11,EES82QFC,FFS62QE,HGS42,MGS22QT,PPS82QA,SBS22H,SBS44QLB,ZLUN,ZQT10,,,,,
02M475,2024,2,16,,,,,AHS11,EES82QFC,FFS62QE,HGS42,MGS22QT,PPS82QB,SBS22H,SBS44QLA,UAS11,ZLUN,ZQFA3,,,,
02M475,2024,2,17,,,,,AHS11,EES82QFC,FFS62QE,HGS42,MGS22QT,PPS82QB,SBS22H,SBS44QLA,UFS11,ZLUN,,,,,
02M475,2024,2,18,,,,,AHS11,EES82QFC,FFS62QE,HGS42,MGS22QT,PPS82QB,SBS22H,SBS44QLA,ZLUN,,,,,,
02M475,2024,2,19,,,,,AHS11,EES82QFC,FFS62QE,HGS42,MGS22QT,PPS82QB,SBS22H,SBS44QLA,ZLUN,ZQ03,,,,,
02M475,2024,2,20,,,,,AHS11,EES82QFC,FFS62QE,HGS42,MGS22QT,PPS82QB,SBS22H,SBS44QLA,ZLUN,ZQFA3,,,,,
02M475,2024,2,21,,,,,AHS11,EES82QFC,FFS62QE,HGS42,MGS22QT,PPS82QB,SBS22H,SBS44QLA,ZLUN,ZQFA8,ZQFB4,,,,
02M475,2024,2,22,,,,,AHS11,EES82QFC,FFS62QE,HGS42,MGS22QT,PPS82QB,SBS22H,SBS44QLB,ZLUN,,,,,,
02M475,2024,2,23,,,,,AHS11,EES82QFC,FFS62QE,HGS42,MGS22QT,PPS82QB,SBS22H,SBS44QLB,ZLUN,ZQFA6,ZQFA8,,,,
02M475,2024,2,24,,,,,AHS11,EES82QFC,FFS62QE,HGS42,MGS22QT,PPS82QB,SBS22H,SBS44QLB,ZLUN,ZQT10,,,,,
02M475,2024,2,25,,,,,AHS11,EES82QFC,FFS62QE,HGS42,MGS22QT,PPS82QB,SBS22X,UDS11Q2,ZLUN,ZQFA3,ZQFA8,,,,
02M475,2024,2,26,,,,,AHS11,EES82QFC,FFS62QE,HGS42,MGS22QT,PPS82QB,SBS22X,UDS11Q2,ZLUN,ZQFA8,,,,,
02M475,2024,2,27,,,,,AHS11,EES82QFC,FFS62QE,HGS42,MGS22QT,PPS82QB,SBS22X,ZLUN,,,,,,,
02M475,2024,2,28,,,,,AHS11,EES82QFC,FFS62QE,HGS42,MGS22QT,PPS82QB,SBS22X,ZLUN,,,,,,,
02M475,2024,2,29,,,,,AHS11,EES82QFC,FFS62QE,HGS42,MGS22QT,PPS82QB,SBS22X,ZLUN,ZQ03,,,,,,
02M475,2024,2,30,,,,,AHS11,EES82QFC,FFS62QE,HGS42,MGS22QT,PPS82QB,SBS22X,ZLUN,ZQ07,ZQFA8,ZQFB3,,,,
02M475,2024,2,31,,,,,AHS11,EES82QFC,FFS62QE,HGS42,MGS22QT,PPS82QB,SBS22X,ZLUN,ZQFB3,,,,,,
02M475,2024,2,32,,,,,AHS11,EES82QFC,FFS62QE,HGS42,MGS22QT,PPS82QB,SBS22X,ZLUN,ZQPD1,,,,,,
02M475,2024,2,33,,,,,AHS11,EES82QFC,FFS62QE,HGS42,MGS22QT,PWS82QA,SBS22H,SBS44QLB,ZLUN,,,,,,
02M475,2024,2,34,,,,,AHS11,EES82QFC,FFS62QE,HGS42,MGS22QT,PWS82QA,SBS22H,SBS44QLB,ZLUN,,,,,,
02M475,2024,2,35,,,,,AHS11,EES82QFC,FFS62QE,HGS42,MGS22QT,PWS82QA,SBS22H,SBS44QLB,ZLUN,ZQFA3,ZQFB5,,,,
02M475,2024,2,36,,,,,AHS11,EES82QFC,FFS62QE,HGS42,MGS22QT,PWS82QA,SBS22H,SBS44QLB,ZLUN,ZQFA7,ZQFB4,,,,
02M475,2024,2,37,,,,,AHS11,EES82QFC,FFS62QE,HGS42,MGS22QT,PWS82QA,SBS22X,ZLUN,ZQFB3,,,,,,
02M475,2024,2,38,,,,,AHS11,EES82QFC,FFS62QE,HGS42,MGS22QT,PWS82QB,SBS22H,SBS44QLA,UAS11,ZLUN,ZQFB4,,,,
02M475,2024,2,39,,,,,AHS11,EES82QFC,FFS62QE,HGS42,MGS22QT,PWS82QB,SBS22H,SBS44QLA,ZLUN,,,,,,
02M475,2024,2,40,,,,,AHS11,EES82QFC,FFS62QE,HGS42,MGS22QT,PWS82QB,SBS22H,SBS44QLA,ZLUN,ZQ08,,,,,
02M475,2024,2,41,,,,,AHS11,EES82QFC,FFS62QE,HGS42,MGS22QT,PWS82QB,SBS22H,SBS44QLB,ZLUN,ZQFA3,,,,,
02M475,2024,2,42,,,,,AHS11,EES82QFC,FFS62QE,HGS42,MGS22QT,PWS82QB,SBS22X,ZLUN,,,,,,,
02M475,2024,2,43,,,,,AHS11,EES82QFC,FFS62QE,HGS42,MPS22X,PPS82QB,SBS22X,ZLUN,ZQFA3,,,,,,
02M475,2024,2,44,,,,,AHS11,EES82QFC,FFS62QE,HGS42,MRS22H,PPS82QA,SBS22X,ZLUN,,,,,,,
02M475,2024,2,45,,,,,AHS11,EES82QFC,FFS62QE,HGS42XHG,MGS22QT,PPS82QB,SBS22H,SBS44QLA,ZLUN,,,,,,
02M475,2024,2,46,,,,,AHS11,EES82QFC,FFS62QE,HGS42XHG,MGS22QT,PPS82QB,SBS22H,SBS44QLA,ZLUN,,,,,,
02M475,2024,2,47,,,,,AHS11,EES82QFC,FFS62QE,HGS42XHG,MGS22QT,PWS82QA,SBS22H,SBS44QLB,ZLUN,ZQFA7,,,,,
02M475,2024,2,48,,,,,AHS11,EES82QFC,FFS64,HGS42,MGS22QT,PPS82QA,SBS22H,SBS44QLB,ZLUN,,,,,,
02M475,2024,2,49,,,,,AHS11,EES82QFC,FFS64,HGS42,MGS22QT,PPS82QA,SBS22H,SBS44QLB,ZLUN,,,,,,
02M475,2024,2,50,,,,,AHS11,EES82QFC,FFS64,HGS42,MGS22QT,PPS82QA,SBS22H,SBS44QLB,ZLUN,,,,,,
02M475,2024,2,51,,,,,AHS11,EES82QFC,FFS64,HGS42,MGS22QT,PPS82QA,SBS22H,SBS44QLB,ZLUN,ZQFA3,ZQFB4,,,,
02M475,2024,2,52,,,,,AHS11,EES82QFC,FFS64,HGS42,MPS22X,MQS82QP1,PPS82QA,SBS22X,UQS11,ZLUN,,,,,
02M475,2024,2,53,,,,,AHS11,EES82QFC,FGS62,HGS42,MGS22QE,PPS82QA,SBS22H,SBS44QLB,UDS11Q8,ZLUN,,,,,
02M475,2024,2,54,,,,,AHS11,EES82QFC,FGS62,HGS42,MGS22QE,PPS82QA,SBS22X,UDS11Q2,ZLUN,ZQFB7,,,,,
02M475,2024,2,55,,,,,AHS11,EES82QFC,FGS62,HGS42,MGS22QE,PPS82QB,SBS22H,SBS44QLA,UZS32,ZLUN,,,,,
02M475,2024,2,56,,,,,AHS11,EES82QFC,FGS62,HGS42,MGS22QE,PPS82QB,SBS22X,UDS11Q2,ZLUN,ZQT10,,,,,
02M475,2024,2,57,,,,,AHS11,EES82QFC,FGS62,HGS42,MGS22QT,PPS82QA,SBS22H,SBS44QLA,ZLUN,ZQFB6,,,,,
02M475,2024,2,58,,,,,AHS11,EES82QFC,FGS62,HGS42,MGS22QT,PPS82QA,SBS22H,SBS44QLB,UAS11,ZLUN,,,,,
02M475,2024,2,59,,,,,AHS11,EES82QFC,FGS62,HGS42,MGS22QT,PPS82QA,SBS22H,SBS44QLB,UFS11,ZLUN,ZQ03,,,,
02M475,2024,2,60,,,,,AHS11,EES82QFC,FGS62,HGS42,MGS22QT,PPS82QA,SBS22H,SBS44QLB,ZLUN,,,,,,
02M475,2024,2,61,,,,,AHS11,EES82QFC,FGS62,HGS42,MGS22QT,PPS82QA,SBS22H,SBS44QLB,ZLUN,ZQ03,,,,,
02M475,2024,2,62,,,,,AHS11,EES82QFC,FGS62,HGS42,MGS22QT,PPS82QB,SBS22H,SBS44QLA,UAS11,ZLUN,,,,,
02M475,2024,2,63,,,,,AHS11,EES82QFC,FGS62,HGS42,MGS22QT,PPS82QB,SBS22H,SBS44QLA,UDS11Q3,ZLUN,,,,,
02M475,2024,2,64,,,,,AHS11,EES82QFC,FGS62,HGS42,MGS22QT,PPS82QB,SBS22H,SBS44QLA,ZLUN,,,,,,
02M475,2024,2,65,,,,,AHS11,EES82QFC,FGS62,HGS42,MGS22QT,PPS82QB,SBS22H,SBS44QLA,ZLUN,ZQ03,,,,,
02M475,2024,2,66,,,,,AHS11,EES82QFC,FGS62,HGS42,MGS22QT,PPS82QB,SBS22H,SBS44QLB,ZLUN,ZQFA7,ZQT10,,,,
02M475,2024,2,67,,,,,AHS11,EES82QFC,FGS62,HGS42,MGS22QT,PPS82QB,SBS22X,UDS11Q8,ZLUN,,,,,,
02M475,2024,2,68,,,,,AHS11,EES82QFC,FGS62,HGS42,MGS22QT,PPS82QB,SBS22X,ZLUN,,,,,,,
02M475,2024,2,69,,,,,AHS11,EES82QFC,FGS62,HGS42,MGS22QT,PPS82QB,SBS22X,ZLUN,,,,,,,
02M475,2024,2,70,,,,,AHS11,EES82QFC,FGS62,HGS42,MGS22QT,PPS82QB,SBS22X,ZLUN,ZQFA8,,,,,,
02M475,2024,2,71,,,,,AHS11,EES82QFC,FGS62,HGS42,MGS22QT,PPS84QB,SBS22X,ZLUN,ZQFA6,ZQT10,,,,,
02M475,2024,2,72,,,,,AHS11,EES82QFC,FGS62,HGS42,MGS22QT,PWS82QA,SBS22H,SBS44QLA,ZLUN,ZQ03,ZQFB6,,,,
02M475,2024,2,73,,,,,AHS11,EES82QFC,FGS62,HGS42,MGS22QT,PWS82QA,SBS22H,SBS44QLB,ZLUN,ZQFA7,,,,,
02M475,2024,2,74,,,,,AHS11,EES82QFC,FGS62,HGS42,MGS22QT,PWS82QA,SBS22H,SBS44QLB,ZLUN,ZQFA7,ZQFB5,,,,
02M475,2024,2,75,,,,,AHS11,EES82QFC,FGS62,HGS42,MGS22QT,PWS82QB,SBS22H,SBS44QLA,UAS11,ZLUN,,,,,
02M475,2024,2,76,,,,,AHS11,EES82QFC,FGS62,HGS42,MGS22QT,PWS82QB,SBS22X,ZLUN,,,,,,,
02M475,2024,2,77,,,,,AHS11,EES82QFC,FGS62,HGS42,MRS22,PPS82QA,SBS22H,SBS44QLA,UQS11,ZLUN,ZQFB4,,,,
02M475,2024,2,78,,,,,AHS11,EES82QFC,FGS62,HGS42,MRS22,PPS82QB,SBS22H,SBS44QLB,UDS11Q2,ZLUN,ZQFA3,ZQFA7,,,
02M475,2024,2,79,,,,,AHS11,EES82QFC,FGS62,HGS42XHG,MES11,MGS22QT,PPS82QA,SBS22H,SBS44QLB,ZLUN,ZQPD1,,,,
02M475,2024,2,80,,,,,AHS11,EES82QFC,FGS62,HGS42XHG,MGS22QE,MQS82QP1,PPS82QA,SBS22H,SBS44QLA,ZLUN,ZQFB6,,,,
02M475,2024,2,81,,,,,AHS11,EES82QFC,FGS62,HGS42XHG,MGS22QT,PPS82QA,SBS22H,SBS44QLA,ZLUN,ZQ03,ZQFB6,,,,
02M475,2024,2,82,,,,,AHS11,EES82QFC,FJS62,HGS42,MGS22QE,MQS82QP1,PPS82QA,SBS22H,SBS44QLB,ZLUN,,,,,
02M475,2024,2,83,,,,,AHS11,EES82QFC,FJS62,HGS42,MGS22QE,PPS82QB,SBS22H,SBS44QLA,ZLUN,,,,,,
02M475,2024,2,84,,,,,AHS11,EES82QFC,FJS62,HGS42,MGS22QE,PPS82QB,SBS22H,SBS44QLB,UDS11Q8,ZLUN,,,,,
02M475,2024,2,85,,,,,AHS11,EES82QFC,FJS62,HGS42,MGS22QT,PPS82QA,SBS22H,SBS44QLA,UAS11,ZLUN,ZQFB4,ZQFB6,,,
02M475,2024,2,86,,,,,AHS11,EES82QFC,FJS62,HGS42,MGS22QT,PPS82QA,SBS22H,SBS44QLA,UJS11,ZLUN,ZQFB4,,,,
02M475,2024,2,87,,,,,AHS11,EES82QFC,FJS62,HGS42,MGS22QT,PPS82QA,SBS22H,SBS44QLA,ZLUN,ZQFB4,,,,,
02M475,2024,2,88,,,,,AHS11,EES82QFC,FJS62,HGS42,MGS22QT,PPS82QA,SBS22H,SBS44QLA,ZLUN,ZQFB4,ZQFB6,,,,
02M475,2024,2,89,,,,,AHS11,EES82QFC,FJS62,HGS42,MGS22QT,PPS82QA,SBS22H,SBS44QLB,UDS11Q2,ZLUN,,,,,
02M475,2024,2,90,,,,,AHS11,EES82QFC,FJS62,HGS42,MGS22QT,PPS82QA,SBS22H,SBS44QLB,ZLUN,ZQ03,,,,,
02M475,2024,2,91,,,,,AHS11,EES82QFC,FJS62,HGS42,MGS22QT,PPS82QA,SBS22X,UDS11Q4,ZLUN,,,,,,
02M475,2024,2,92,,,,,AHS11,EES82QFC,FJS62,HGS42,MGS22QT,PPS82QB,SBS22H,SBS44QLA,UAS11,ZLUN,,,,,
02M475,2024,2,93,,,,,AHS11,EES82QFC,FJS62,HGS42,MGS22QT,PPS82QB,SBS22H,SBS44QLA,UAS11,ZLUN,ZQFB3,,,,
02M475,2024,2,94,,,,,AHS11,EES82QFC,FJS62,HGS42,MGS22QT,PPS82QB,SBS22H,SBS44QLA,UDS11Q4,ZLUN,ZQFA3,,,,
02M475,2024,2,95,,,,,AHS11,EES82QFC,FJS62,HGS42,MGS22QT,PPS82QB,SBS22H,SBS44QLA,UFS11,ZLUN,,,,,
02M475,2024,2,96,,,,,AHS11,EES82QFC,FJS62,HGS42,MGS22QT,PPS82QB,SBS22H,SBS44QLA,ZLUN,,,,,,
02M475,2024,2,97,,,,,AHS11,EES82QFC,FJS62,HGS42,MGS22QT,PPS82QB,SBS22H,SBS44QLA,ZLUN,,,,,,
02M475,2024,2,98,,,,,AHS11,EES82QFC,FJS62,HGS42,MGS22QT,PPS82QB,SBS22H,SBS44QLA,ZLUN,ZQ03,,,,,
02M475,2024,2,99,,,,,AHS11,EES82QFC,FJS62,HGS42,MGS22QT,PPS82QB,SBS22H,SBS44QLA,ZLUN,ZQPD1,,,,,
02M475,2024,2,100,,,,,AHS11,EES82QFC,FJS62,HGS42,MGS22QT,PPS82QB,SBS22X,UDS11Q8,ZLUN,ZQT10,,,,,
02M475,2024,2,101,,,,,AHS11,EES82QFC,FJS62,HGS42,MGS22QT,PWS82QA,SBS22H,SBS44QLA,ZLUN,,,,,,
02M475,2024,2,102,,,,,AHS11,EES82QFC,FJS62,HGS42,MGS22QT,PWS82QA,SBS22H,SBS44QLB,UDS11Q4,ZLUN,ZQFB6,,,,
02M475,2024,2,103,,,,,AHS11,EES82QFC,FJS62,HGS42,MGS22QT,PWS82QA,SBS22H,SBS44QLB,ZLUN,ZQFA3,ZQFB5,,,,
02M475,2024,2,104,,,,,AHS11,EES82QFC,FJS62,HGS42XHG,MGS22QT,PPS82QA,SBS22H,SBS44QLA,ZLUN,ZQFB6,,,,,
02M475,2024,2,105,,,,,AHS11,EES82QFC,FJS62,HGS42XHG,MGS22QT,PPS82QA,SBS22H,SBS44QLB,UAS11,ZLUN,,,,,
02M475,2024,2,106,,,,,AHS11,EES82QFC,FJS62,HGS42XHG,MGS22QT,PPS84QB,SBS22H,SBS44QLA,ZLUN,,,,,,
02M475,2024,2,107,,,,,AHS11,EES82QFC,FJS64,HGS42,MGS22QT,PPS82QA,SBS22H,SBS44QLB,ZLUN,,,,,,
02M475,2024,2,108,,,,,AHS11,EES82QFC,FJS64,HGS42,MGS22QT,PPS82QB,SBS22H,SBS44QLA,UZS32,ZLUN,ZQFB7,,,,
02M475,2024,2,109,,,,,AHS11,EES82QFC,FLS62QE,HGS42,MES11,MGS22QT,PPS82QA,SBS22H,SBS44QLB,ZLUN,,,,,
02M475,2024,2,110,,,,,AHS11,EES82QFC,FLS62QE,HGS42,MGS22QE,PPS82QB,SBS22H,SBS44QLA,UMS11,ZLUN,ZQFB7,,,,
02M475,2024,2,111,,,,,AHS11,EES82QFC,FLS62QE,HGS42,MGS22QE,PPS82QB,SBS22X,ZLUN,ZQFA3,,,,,,
02M475,2024,2,112,,,,,AHS11,EES82QFC,FLS62QE,HGS42,MGS22QE,PWS82QA,SBS22X,ZLUN,ZQFB6,,,,,,
02M475,2024,2,113,,,,,AHS11,EES82QFC,FLS62QE,HGS42,MGS22QT,PPS82QA,SBS22H,SBS44QLA,UAS11,ZLUN,,,,,
02M475,2024,2,114,,,,,AHS11,EES82QFC,FLS62QE,HGS42,MGS22QT,PPS82QA,SBS22H,SBS44QLA,UDS11Q2,ZLUN,,,,,
02M475,2024,2,115,,,,,AHS11,EES82QFC,FLS62QE,HGS42,MGS22QT,PPS82QA,SBS22H,SBS44QLA,ZLUN,ZQFB6,,,,,
02M475,2024,2,116,,,,,AHS11,EES82QFC,FLS62QE,HGS42,MGS22QT,PPS82QA,SBS22H,SBS44QLA,ZLUN,ZQFB6,ZQT10,,,,
02M475,2024,2,117,,,,,AHS11,EES82QFC,FLS62QE,HGS42,MGS22QT,PPS82QA,SBS22H,SBS44QLB,UAS11,ZLUN,,,,,
02M475,2024,2,118,,,,,AHS11,EES82QFC,FLS62QE,HGS42,MGS22QT,PPS82QA,SBS22H,SBS44QLB,UZS32,ZLUN,ZQT10,,,,
02M475,2024,2,119,,,,,AHS11,EES82QFC,FLS62QE,HGS42,MGS22QT,PPS82QA,SBS22H,SBS44QLB,ZLUN,,,,,,
02M475,2024,2,120,,,,,AHS11,EES82QFC,FLS62QE,HGS42,MGS22QT,PPS82QA,SBS22X,UAS11,ZLUN,ZQT10,,,,,
02M475,2024,2,121,,,,,AHS11,EES82QFC,FLS62QE,HGS42,MGS22QT,PPS82QA,SBS22X,ZLUN,,,,,,,
02M475,2024,2,122,,,,,AHS11,EES82QFC,FLS62QE,HGS42,MGS22QT,PPS82QA,SBS22X,ZLUN,,,,,,,
02M475,2024,2,123,,,,,AHS11,EES82QFC,FLS62QE,HGS42,MGS22QT,PPS82QB,SBS22H,SBS44QLA,UDS11Q2,ZLUN,ZQFB4,,,,
02M475,2024,2,124,,,,,AHS11,EES82QFC,FLS62QE,HGS42,MGS22QT,PPS82QB,SBS22H,SBS44QLA,ZLUN,,,,,,
02M475,2024,2,125,,,,,AHS11,EES82QFC,FLS62QE,HGS42,MGS22QT,PPS82QB,SBS22H,SBS44QLA,ZLUN,,,,,,
02M475,2024,2,126,,,,,AHS11,EES82QFC,FLS62QE,HGS42,MGS22QT,PPS82QB,SBS22H,SBS44QLA,ZLUN,ZQ03,ZQFB6,,,,
02M475,2024,2,127,,,,,AHS11,EES82QFC,FLS62QE,HGS42,MGS22QT,PPS82QB,SBS22H,SBS44QLB,ZLUN,ZQ07,ZQFA3,,,,
02M475,2024,2,128,,,,,AHS11,EES82QFC,FLS62QE,HGS42,MGS22QT,PPS82QB,SBS22X,UAS11,ZLUN,,,,,,
02M475,2024,2,129,,,,,AHS11,EES82QFC,FLS62QE,HGS42,MGS22QT,PPS82QB,SBS22X,UDS11Q4,ZLUN,,,,,,
02M475,2024,2,130,,,,,AHS11,EES82QFC,FLS62QE,HGS42,MGS22QT,PPS82QB,SBS22X,ZLUN,,,,,,,
02M475,2024,2,131,,,,,AHS11,EES82QFC,FLS62QE,HGS42,MGS22QT,PPS82QB,SBS22X,ZLUN,ZQFB7,,,,,,
02M475,2024,2,132,,,,,AHS11,EES82QFC,FLS62QE,HGS42,MGS22QT,PPS84QB,SBS22H,SBS44QLA,ZLUN,ZQ01,ZT10,,,,
02M475,2024,2,133,,,,,AHS11,EES82QFC,FLS62QE,HGS42,MGS22QT,PWS82QA,SBS22H,SBS44QLB,ZLUN,ZQFB4,ZT10,,,,
02M475,2024,2,134,,,,,AHS11,EES82QFC,FLS62QE,HGS42,MGS22QT,PWS82QA,SBS22H,SBS44QLB,ZLUN,ZQFB6,,,,,
02M475,2024,2,135,,,,,AHS11,EES82QFC,FLS62QE,HGS42,MGS22QT,PWS82QB,SBS22H,SBS44QLA,ZLUN,ZQFA5,ZQFB3,,,,
02M475,2024,2,136,,,,,AHS11,EES82QFC,FLS62QE,HGS42,MGS22QT,PWS82QB,SBS22H,SBS44QLA,ZLUN,ZQFB4,,,,,
02M475,2024,2,137,,,,,AHS11,EES82QFC,FLS62QE,HGS42,MGS22QT,PWS82QB,SBS22H,SBS44QLA,ZLUN,ZQT10,,,,,
02M475,2024,2,138,,,,,AHS11,EES82QFC,FLS62QE,HGS42,MRS22,PPS82QB,SBS22H,SBS44QLA,UZS32,ZLUN,ZQFA3,,,,
02M475,2024,2,139,,,,,AHS11,EES82QFC,FLS62QE,HGS42,MRS22,PPS82QB,SBS22H,SBS44QLA,ZLUN,,,,,,
02M475,2024,2,140,,,,,AHS11,EES82QFC,FLS62QE,HGS42XHG,MGS22QT,PPS82QA,SBS22H,SBS44QLB,ZLUN,,,,,,
02M475,2024,2,141,,,,,AHS11,EES82QFC,FLS62QE,HGS42XHG,MGS22QT,PWS82QA,SBS22H,SBS44QLB,UQS11,ZLUN,ZQFB3,,,,
02M475,2024,2,142,,,,,AHS11,EES82QFC,FLS62QE,HGS42XHG,MGS22QT,PWS82QB,SBS22H,SBS44QLA,ZLUN,,,,,,
02M475,2024,2,143,,,,,AHS11,EES82QFC,FLS64,HGS42,MGS22QE,PPS82QA,SBS22H,SBS44QLB,UAS11,ZLUN,ZQT10,,,,
02M475,2024,2,144,,,,,AHS11,EES82QFC,FMS62QE,HGS42,MES11,MGS22QT,PPS82QA,SBS22H,SBS44QLA,ZLUN,,,,,
02M475,2024,2,145,,,,,AHS11,EES82QFC,FMS62QE,HGS42,MGS22QE,MQS82QP1,PPS82QB,SBS22X,ZLUN,,,,,,
02M475,2024,2,146,,,,,AHS11,EES82QFC,FMS62QE,HGS42,MGS22QE,MQS82QP1,PWS82QA,SBS22X,ZLUN,ZQFB6,,,,,
02M475,2024,2,147,,,,,AHS11,EES82QFC,FMS62QE,HGS42,MGS22QE,PPS82QA,SBS22H,SBS44QLB,ZLUN,,,,,,
02M475,2024,2,148,,,,,AHS11,EES82QFC,FMS62QE,HGS42,MGS22QE,PPS82QA,SBS22H,SBS44QLB,ZLUN,,,,,,
02M475,2024,2,149,,,,,AHS11,EES82QFC,FMS62QE,HGS42,MGS22QE,PPS82QA,SBS22H,SBS44QLB,ZLUN,ZQ04,,,,,
02M475,2024,2,150,,,,,AHS11,EES82QFC,FMS62QE,HGS42,MGS22QE,PPS82QA,SBS22H,SBS44QLB,ZLUN,ZQFA8,ZQFB3,,,,
02M475,2024,2,151,,,,,AHS11,EES82QFC,FMS62QE,HGS42,MGS22QE,PPS82QB,SBS22H,SBS44QLA,UMS11,ZLUN,,,,,
02M475,2024,2,152,,,,,AHS11,EES82QFC,FMS62QE,HGS42,MGS22QE,PPS82QB,SBS22H,SBS44QLA,ZLUN,,,,,,
02M475,2024,2,153,,,,,AHS11,EES82QFC,FMS62QE,HGS42,MGS22QE,PPS82QB,SBS22H,SBS44QLA,ZLUN,,,,,,
02M475,2024,2,154,,,,,AHS11,EES82QFC,FMS62QE,HGS42,MGS22QE,PPS82QB,SBS22X,ZLUN,,,,,,,
02M475,2024,2,155,,,,,AHS11,EES82QFC,FMS62QE,HGS42,MGS22QE,PPS82QB,SBS22X,ZLUN,,,,,,,
02M475,2024,2,156,,,,,AHS11,EES82QFC,FMS62QE,HGS42,MGS22QE,PWS82QA,SBS22X,ZLUN,ZQFA6,ZQFB3,,,,,
02M475,2024,2,157,,,,,AHS11,EES82QFC,FMS62QE,HGS42,MGS22QE,PWS82QB,SBS22H,SBS44QLA,ZLUN,,,,,,
02M475,2024,2,158,,,,,AHS11,EES82QFC,FMS62QE,HGS42,MGS22QE,PWS82QB,SBS22X,ZLUN,ZQ03,,,,,,
02M475,2024,2,159,,,,,AHS11,EES82QFC,FMS62QE,HGS42,MGS22QT,PPS82QA,SBS22H,SBS44QLA,ZLUN,ZQ03,ZQFB7,,,,
02M475,2024,2,160,,,,,AHS11,EES82QFC,FMS62QE,HGS42,MGS22QT,PPS82QA,SBS22H,SBS44QLA,ZLUN,ZQFB3,,,,,
02M475,2024,2,161,,,,,AHS11,EES82QFC,FMS62QE,HGS42,MGS22QT,PPS82QA,SBS22H,SBS44QLA,ZLUN,ZQFB4,,,,,
02M475,2024,2,162,,,,,AHS11,EES82QFC,FMS62QE,HGS42,MGS22QT,PPS82QA,SBS22H,SBS44QLA,ZLUN,ZQFB7,,,,,
02M475,2024,2,163,,,,,AHS11,EES82QFC,FMS62QE,HGS42,MGS22QT,PPS82QA,SBS22H,SBS44QLB,UAS11,ZLUN,,,,,
02M475,2024,2,164,,,,,AHS11,EES82QFC,FMS62QE,HGS42,MGS22QT,PPS82QA,SBS22H,SBS44QLB,UDS11Q4,ZLUN,,,,,
02M475,2024,2,165,,,,,AHS11,EES82QFC,FMS62QE,HGS42,MGS22QT,PPS82QA,SBS22H,SBS44QLB,UFS11,ZLUN,,,,,
02M475,2024,2,166,,,,,AHS11,EES82QFC,FMS62QE,HGS42,MGS22QT,PPS82QA,SBS22H,SBS44QLB,UZS32,ZLUN,ZQFB5,,,,
02M475,2024,2,167,,,,,AHS11,EES82QFC,FMS62QE,HGS42,MGS22QT,PPS82QA,SBS22H,SBS44QLB,ZLUN,,,,,,
02M475,2024,2,168,,,,,AHS11,EES82QFC,FMS62QE,HGS42,MGS22QT,PPS82QA,SBS22H,SBS44QLB,ZLUN,,,,,,
02M475,2024,2,169,,,,,AHS11,EES82QFC,FMS62QE,HGS42,MGS22QT,PPS82QA,SBS22H,SBS44QLB,ZLUN,,,,,,
02M475,2024,2,170,,,,,AHS11,EES82QFC,FMS62QE,HGS42,MGS22QT,PPS82QA,SBS22H,SBS44QLB,ZLUN,,,,,,
02M475,2024,2,171,,,,,AHS11,EES82QFC,FMS62QE,HGS42,MGS22QT,PPS82QA,SBS22H,SBS44QLB,ZLUN,,,,,,
02M475,2024,2,172,,,,,AHS11,EES82QFC,FMS62QE,HGS42,MGS22QT,PPS82QA,SBS22H,SBS44QLB,ZLUN,,,,,,
02M475,2024,2,173,,,,,AHS11,EES82QFC,FMS62QE,HGS42,MGS22QT,PPS82QA,SBS22H,SBS44QLB,ZLUN,ZQ03,,,,,
02M475,2024,2,174,,,,,AHS11,EES82QFC,FMS62QE,HGS42,MGS22QT,PPS82QA,SBS22H,SBS44QLB,ZLUN,ZQ03,,,,,
02M475,2024,2,175,,,,,AHS11,EES82QFC,FMS62QE,HGS42,MGS22QT,PPS82QA,SBS22H,SBS44QLB,ZLUN,ZQ04,,,,,
02M475,2024,2,176,,,,,AHS11,EES82QFC,FMS62QE,HGS42,MGS22QT,PPS82QA,SBS22H,SBS44QLB,ZLUN,ZQ08,,,,,
02M475,2024,2,177,,,,,AHS11,EES82QFC,FMS62QE,HGS42,MGS22QT,PPS82QA,SBS22H,SBS44QLB,ZLUN,ZQFA3,,,,,
02M475,2024,2,178,,,,,AHS11,EES82QFC,FMS62QE,HGS42,MGS22QT,PPS82QA,SBS22H,SBS44QLB,ZLUN,ZQFA8,ZQFB4,,,,
02M475,2024,2,179,,,,,AHS11,EES82QFC,FMS62QE,HGS42,MGS22QT,PPS82QA,SBS22H,SBS44QLB,ZLUN,ZQFB7,,,,,
02M475,2024,2,180,,,,,AHS11,EES82QFC,FMS62QE,HGS42,MGS22QT,PPS82QA,SBS22H,SBS44QLB,ZLUN,ZQPD1,,,,,
02M475,2024,2,181,,,,,AHS11,EES82QFC,FMS62QE,HGS42,MGS22QT,PPS82QA,SBS22H,SBS44QLB,ZLUN,ZQT10,,,,,
02M475,2024,2,182,,,,,AHS11,EES82QFC,FMS62QE,HGS42,MGS22QT,PPS82QA,SBS22X,UAS11,ZLUN,,,,,,
02M475,2024,2,183,,,,,AHS11,EES82QFC,FMS62QE,HGS42,MGS22QT,PPS82QA,SBS22X,UAS11,ZLUN,ZQFB7,,,,,
02M475,2024,2,184,,,,,AHS11,EES82QFC,FMS62QE,HGS42,MGS22QT,PPS82QA,SBS22X,UFS11,ZLUN,ZQFB3,,,,,
02M475,2024,2,185,,,,,AHS11,EES82QFC,FMS62QE,HGS42,MGS22QT,PPS82QA,SBS22X,ZLUN,,,,,,,
02M475,2024,2,186,,,,,AHS11,EES82QFC,FMS62QE,HGS42,MGS22QT,PPS82QA,SBS22X,ZLUN,ZQ01,,,,,,
02M475,2024,2,187,,,,,AHS11,EES82QFC,FMS62QE,HGS42,MGS22QT,PPS82QA,SBS22X,ZLUN,ZQ03,,,,,,
02M475,2024,2,188,,,,,AHS11,EES82QFC,FMS62QE,HGS42,MGS22QT,PPS82QA,SBS22X,ZLUN,ZQFB3,ZQFB7,,,,,
02M475,2024,2,189,,,,,AHS11,EES82QFC,FMS62QE,HGS42,MGS22QT,PPS82QA,SBS22X,ZLUN,ZQFB4,,,,,,
02M475,2024,2,190,,,,,AHS11,EES82QFC,FMS62QE,HGS42,MGS22QT,PPS82QA,SBS22X,ZLUN,ZQFB7,,,,,,
02M475,2024,2,191,,,,,AHS11,EES82QFC,FMS62QE,HGS42,MGS22QT,PPS82QB,SBS22H,SBS44QLA,UAS11,ZLUN,ZQFA8,ZQFB3,,,
02M475,2024,2,192,,,,,AHS11,EES82QFC,FMS62QE,HGS42,MGS22QT,PPS82QB,SBS22H,SBS44QLA,UAS11,ZLUN,ZQFA8,ZQFB3,,,
02M475,2024,2,193,,,,,AHS11,EES82QFC,FMS62QE,HGS42,MGS22QT,PPS82QB,SBS22H,SBS44QLA,UAS11,ZLUN,ZQFB7,,,,
02M475,2024,2,194,,,,,AHS11,EES82QFC,FMS62QE,HGS42,MGS22QT,PPS82QB,SBS22H,SBS44QLA,UDS11Q2,ZLUN,,,,,
02M475,2024,2,195,,,,,AHS11,EES82QFC,FMS62QE,HGS42,MGS22QT,PPS82QB,SBS22H,SBS44QLA,UDS11Q4,ZLUN,,,,,
02M475,2024,2,196,,,,,AHS11,EES82QFC,FMS62QE,HGS42,MGS22QT,PPS82QB,SBS22H,SBS44QLA,UDS11Q4,ZLUN,,,,,
02M475,2024,2,197,,,,,AHS11,EES82QFC,FMS62QE,HGS42,MGS22QT,PPS82QB,SBS22H,SBS44QLA,ZLUN,,,,,,
02M475,2024,2,198,,,,,AHS11,EES82QFC,FMS62QE,HGS42,MGS22QT,PPS82QB,SBS22H,SBS44QLA,ZLUN,,,,,,
02M475,2024,2,199,,,,,AHS11,EES82QFC,FMS62QE,HGS42,MGS22QT,PPS82QB,SBS22H,SBS44QLA,ZLUN,,,,,,
02M475,2024,2,200,,,,,AHS11,EES82QFC,FMS62QE,HGS42,MGS22QT,PPS82QB,SBS22H,SBS44QLA,ZLUN,,,,,,
02M475,2024,2,201,,,,,AHS11,EES82QFC,FMS62QE,HGS42,MGS22QT,PPS82QB,SBS22H,SBS44QLA,ZLUN,,,,,,
02M475,2024,2,202,,,,,AHS11,EES82QFC,FMS62QE,HGS42,MGS22QT,PPS82QB,SBS22H,SBS44QLA,ZLUN,,,,,,
02M475,2024,2,203,,,,,AHS11,EES82QFC,FMS62QE,HGS42,MGS22QT,PPS82QB,SBS22H,SBS44QLA,ZLUN,,,,,,
02M475,2024,2,204,,,,,AHS11,EES82QFC,FMS62QE,HGS42,MGS22QT,PPS82QB,SBS22H,SBS44QLA,ZLUN,,,,,,
02M475,2024,2,205,,,,,AHS11,EES82QFC,FMS62QE,HGS42,MGS22QT,PPS82QB,SBS22H,SBS44QLA,ZLUN,,,,,,
02M475,2024,2,206,,,,,AHS11,EES82QFC,FMS62QE,HGS42,MGS22QT,PPS82QB,SBS22H,SBS44QLA,ZLUN,,,,,,
02M475,2024,2,207,,,,,AHS11,EES82QFC,FMS62QE,HGS42,MGS22QT,PPS82QB,SBS22H,SBS44QLA,ZLUN,ZQ03,,,,,
02M475,2024,2,208,,,,,AHS11,EES82QFC,FMS62QE,HGS42,MGS22QT,PPS82QB,SBS22H,SBS44QLA,ZLUN,ZQFA7,ZQFB3,,,,
02M475,2024,2,209,,,,,AHS11,EES82QFC,FMS62QE,HGS42,MGS22QT,PPS82QB,SBS22H,SBS44QLA,ZLUN,ZQFA8,,,,,
02M475,2024,2,210,,,,,AHS11,EES82QFC,FMS62QE,HGS42,MGS22QT,PPS82QB,SBS22H,SBS44QLA,ZLUN,ZQFB7,,,,,
02M475,2024,2,211,,,,,AHS11,EES82QFC,FMS62QE,HGS42,MGS22QT,PPS82QB,SBS22H,SBS44QLA,ZLUN,ZQPD1,,,,,
02M475,2024,2,212,,,,,AHS11,EES82QFC,FMS62QE,HGS42,MGS22QT,PPS82QB,SBS22H,SBS44QLB,UAS11,ZLUN,,,,,
02M475,2024,2,213,,,,,AHS11,EES82QFC,FMS62QE,HGS42,MGS22QT,PPS82QB,SBS22H,SBS44QLB,UAS11,ZLUN,ZQFA3,ZQFA7,,,
02M475,2024,2,214,,,,,AHS11,EES82QFC,FMS62QE,HGS42,MGS22QT,PPS82QB,SBS22H,SBS44QLB,ZLUN,ZQFA8,,,,,
02M475,2024,2,215,,,,,AHS11,EES82QFC,FMS62QE,HGS42,MGS22QT,PPS82QB,SBS22H,SBS44QLB,ZLUN,ZQFA8,ZQT10,,,,
02M475,2024,2,216,,,,,AHS11,EES82QFC,FMS62QE,HGS42,MGS22QT,PPS82QB,SBS22H,SBS44QLB,ZLUN,ZQFA8,ZT10,,,,
02M475,2024,2,217,,,,,AHS11,EES82QFC,FMS62QE,HGS42,MGS22QT,PPS82QB,SBS22H,SBS44QLB,ZLUN,ZT10,,,,,
02M475,2024,2,218,,,,,AHS11,EES82QFC,FMS62QE,HGS42,MGS22QT,PPS82QB,SBS22X,UDS11Q4,ZLUN,,,,,,
02M475,2024,2,219,,,,,AHS11,EES82QFC,FMS62QE,HGS42,MGS22QT,PPS82QB,SBS22X,UFS11,ZLUN,,,,,,
02M475,2024,2,220,,,,,AHS11,EES82QFC,FMS62QE,HGS42,MGS22QT,PPS82QB,SBS22X,ZLUN,,,,,,,
02M475,2024,2,221,,,,,AHS11,EES82QFC,FMS62QE,HGS42,MGS22QT,PPS82QB,SBS22X,ZLUN,,,,,,,
02M475,2024,2,222,,,,,AHS11,EES82QFC,FMS62QE,HGS42,MGS22QT,PPS82QB,SBS22X,ZLUN,,,,,,,
02M475,2024,2,223,,,,,AHS11,EES82QFC,FMS62QE,HGS42,MGS22QT,PPS82QB,SBS22X,ZLUN,ZQFA3,,,,,,
02M475,2024,2,224,,,,,AHS11,EES82QFC,FMS62QE,HGS42,MGS22QT,PPS82QB,SBS22X,ZLUN,ZQFA3,,,,,,
02M475,2024,2,225,,,,,AHS11,EES82QFC,FMS62QE,HGS42,MGS22QT,PPS82QB,SBS22X,ZLUN,ZQFA5,,,,,,
02M475,2024,2,226,,,,,AHS11,EES82QFC,FMS62QE,HGS42,MGS22QT,PPS82QB,SBS22X,ZLUN,ZQFA8,,,,,,
02M475,2024,2,227,,,,,AHS11,EES82QFC,FMS62QE,HGS42,MGS22QT,PWS82QA,SBS22H,SBS44QLA,UZS32,ZLUN,,,,,
02M475,2024,2,228,,,,,AHS11,EES82QFC,FMS62QE,HGS42,MGS22QT,PWS82QA,SBS22H,SBS44QLA,ZLUN,ZQ03,,,,,
02M475,2024,2,229,,,,,AHS11,EES82QFC,FMS62QE,HGS42,MGS22QT,PWS82QA,SBS22H,SBS44QLA,ZLUN,ZQFB3,,,,,
02M475,2024,2,230,,,,,AHS11,EES82QFC,FMS62QE,HGS42,MGS22QT,PWS82QA,SBS22H,SBS44QLB,ZLUN,ZQFA7,ZQFB5,,,,
02M475,2024,2,231,,,,,AHS11,EES82QFC,FMS62QE,HGS42,MGS22QT,PWS82QA,SBS22H,SBS44QLB,ZLUN,ZQFA8,ZQFB6,,,,
02M475,2024,2,232,,,,,AHS11,EES82QFC,FMS62QE,HGS42,MGS22QT,PWS82QA,SBS22H,SBS44QLB,ZLUN,ZQT10,,,,,
02M475,2024,2,233,,,,,AHS11,EES82QFC,FMS62QE,HGS42,MGS22QT,PWS82QA,SBS22X,UAS11,ZLUN,,,,,,
02M475,2024,2,234,,,,,AHS11,EES82QFC,FMS62QE,HGS42,MGS22QT,PWS82QA,SBS22X,ZLUN,ZQT10,,,,,,
02M475,2024,2,235,,,,,AHS11,EES82QFC,FMS62QE,HGS42,MGS22QT,PWS82QB,SBS22H,SBS44QLA,UDS11Q2,ZLUN,,,,,
02M475,2024,2,236,,,,,AHS11,EES82QFC,FMS62QE,HGS42,MGS22QT,PWS82QB,SBS22H,SBS44QLA,UDS11Q4,ZLUN,ZQFB4,,,,
02M475,2024,2,237,,,,,AHS11,EES82QFC,FMS62QE,HGS42,MGS22QT,PWS82QB,SBS22H,SBS44QLA,ZLUN,,,,,,
02M475,2024,2,238,,,,,AHS11,EES82QFC,FMS62QE,HGS42,MGS22QT,PWS82QB,SBS22H,SBS44QLA,ZLUN,,,,,,
02M475,2024,2,239,,,,,AHS11,EES82QFC,FMS62QE,HGS42,MGS22QT,PWS82QB,SBS22H,SBS44QLA,ZLUN,ZQ03,ZQFA5,,,,
02M475,2024,2,240,,,,,AHS11,EES82QFC,FMS62QE,HGS42,MGS22QT,PWS82QB,SBS22H,SBS44QLA,ZLUN,ZQFA3,ZQFB7,ZQT10,,,
02M475,2024,2,241,,,,,AHS11,EES82QFC,FMS62QE,HGS42,MGS22QT,PWS82QB,SBS22H,SBS44QLA,ZLUN,ZQFB4,,,,,
02M475,2024,2,242,,,,,AHS11,EES82QFC,FMS62QE,HGS42,MGS22QT,PWS82QB,SBS22H,SBS44QLB,UDS11Q8,ZLUN,,,,,
02M475,2024,2,243,,,,,AHS11,EES82QFC,FMS62QE,HGS42,MGS22QT,PWS82QB,SBS22H,SBS44QLB,ZLUN,,,,,,
02M475,2024,2,244,,,,,AHS11,EES82QFC,FMS62QE,HGS42,MGS22QT,PWS82QB,SBS22H,SBS44QLB,ZLUN,ZQFA7,,,,,
02M475,2024,2,245,,,,,AHS11,EES82QFC,FMS62QE,HGS42,MGS22QT,PWS82QB,SBS22X,ZLUN,,,,,,,
02M475,2024,2,246,,,,,AHS11,EES82QFC,FMS62QE,HGS42,MGS22QT,PWS82QB,SBS22X,ZLUN,ZQFA3,,,,,,
02M475,2024,2,247,,,,,AHS11,EES82QFC,FMS62QE,HGS42,MQS82QP1,MRS22H,PPS82QA,SBS22H,SBS44QLB,ZLUN,,,,,
02M475,2024,2,248,,,,,AHS11,EES82QFC,FMS62QE,HGS42,MRS22,PPS82QB,SBS22H,SBS44QLA,UAS11,ZLUN,,,,,
02M475,2024,2,249,,,,,AHS11,EES82QFC,FMS62QE,HGS42,MRS22,PPS82QB,SBS22H,SBS44QLA,ZLUN,,,,,,
02M475,2024,2,250,,,,,AHS11,EES82QFC,FMS62QE,HGS42,MRS22,PPS82QB,SBS22X,ZLUN,,,,,,,
02M475,2024,2,251,,,,,AHS11,EES82QFC,FMS62QE,HGS42,MRS22,PWS82QA,SBS22X,UDS11Q8,ZLUN,,,,,,
02M475,2024,2,252,,,,,AHS11,EES82QFC,FMS62QE,HGS42,MRS22,PWS82QB,SBS22X,ZLUN,,,,,,,
02M475,2024,2,253,,,,,AHS11,EES82QFC,FMS62QE,HGS42XHG,MES11,MGS22QT,PPS82QB,SBS22H,SBS44QLB,ZLUN,ZQFA7,,,,
02M475,2024,2,254,,,,,AHS11,EES82QFC,FMS62QE,HGS42XHG,MGS22QE,PWS82QB,SBS22H,SBS44QLA,UDS11Q2,ZLUN,,,,,
02M475,2024,2,255,,,,,AHS11,EES82QFC,FMS62QE,HGS42XHG,MGS22QT,PPS82QA,SBS22H,SBS44QLA,ZLUN,ZQ03,,,,,
02M475,2024,2,256,,,,,AHS11,EES82QFC,FMS62QE,HGS42XHG,MGS22QT,PPS82QA,SBS22H,SBS44QLB,ZLUN,,,,,,
02M475,2024,2,257,,,,,AHS11,EES82QFC,FMS62QE,HGS42XHG,MGS22QT,PPS82QA,SBS22H,SBS44QLB,ZLUN,ZQ07,,,,,
02M475,2024,2,258,,,,,AHS11,EES82QFC,FMS62QE,HGS42XHG,MGS22QT,PPS82QB,SBS22H,SBS44QLA,UDS11Q8,ZLUN,,,,,
02M475,2024,2,259,,,,,AHS11,EES82QFC,FMS62QE,HGS42XHG,MGS22QT,PPS82QB,SBS22H,SBS44QLA,ZLUN,,,,,,
02M475,2024,2,260,,,,,AHS11,EES82QFC,FMS62QE,HGS42XHG,MGS22QT,PPS82QB,SBS22H,SBS44QLA,ZLUN,ZQFA8,,,,,
02M475,2024,2,261,,,,,AHS11,EES82QFC,FMS62QE,HGS42XHG,MGS22QT,PWS82QB,SBS22H,SBS44QLA,UDS11Q2,ZLUN,ZQ03,,,,
02M475,2024,2,262,,,,,AHS11,EES82QFC,FMS64,HGS42,MGS22QE,MQS82QP1,PPS82QA,SBS22H,SBS44QLB,ZLUN,ZQT10,,,,
02M475,2024,2,263,,,,,AHS11,EES82QFC,FMS64,HGS42,MGS22QE,MQS82QP1,PWS82QB,SBS22X,ZLUN,ZQFA3,,,,,
02M475,2024,2,264,,,,,AHS11,EES82QFC,FMS64,HGS42,MGS22QE,PPS82QB,SBS22X,ZLUN,ZQFA8,,,,,,
02M475,2024,2,265,,,,,AHS11,EES82QFC,FMS64,HGS42,MGS22QT,PPS82QA,SBS22H,SBS44QLA,ZLUN,ZQFB4,,,,,
02M475,2024,2,266,,,,,AHS11,EES82QFC,FMS64,HGS42,MGS22QT,PWS82QA,SBS22H,SBS44QLB,UFS11,ZLUN,ZQFA8,ZQFB4,,,
02M475,2024,2,267,,,,,AHS11,EES82QFC,FMS64,HGS42XHG,MGS22QE,MQS82QP1,PPS82QA,SBS22H,SBS44QLB,ZLUN,,,,,
02M475,2024,2,268,,,,,AHS11,EES82QFC,FSS62QE,HGS42,MES11,MGS22QT,PPS82QA,SBS22H,SBS44QLB,ZLUN,ZQPD1,,,,
02M475,2024,2,269,,,,,AHS11,EES82QFC,FSS62QE,HGS42,MES11,MGS22QT,PPS82QA,SBS22H,SBS44QLB,ZLUN,ZQPD1,,,,
02M475,2024,2,270,,,,,AHS11,EES82QFC,FSS62QE,HGS42,MGS22QE,MQS82QP1,PPS82QB,SBS22X,ZLUN,ZQFA3,,,,,
02M475,2024,2,271,,,,,AHS11,EES82QFC,FSS62QE,HGS42,MGS22QE,PPS82QA,SBS22H,SBS44QLB,UDS11Q8,ZLUN,ZQT10,,,,
02M475,2024,2,272,,,,,AHS11,EES82QFC,FSS62QE,HGS42,MGS22QE,PPS82QB,SBS22X,UDS11Q2,ZLUN,ZQ01,,,,,
02M475,2024,2,273,,,,,AHS11,EES82QFC,FSS62QE,HGS42,MGS22QE,PPS82QB,SBS22X,ZLUN,,,,,,,
02M475,2024,2,274,,,,,AHS11,EES82QFC,FSS62QE,HGS42,MGS22QE,PWS82QA,SBS22H,SBS44QLA,ZLUN,ZQFB4,,,,,
02M475,2024,2,275,,,,,AHS11,EES82QFC,FSS62QE,HGS42,MGS22QT,PPS82QA,SBS22H,SBS44QLA,ZLUN,ZQFB3,,,,,
02M475,2024,2,276,,,,,AHS11,EES82QFC,FSS62QE,HGS42,MGS22QT,PPS82QA,SBS22H,SBS44QLA,ZLUN,ZQFB7,,,,,
02M475,2024,2,277,,,,,AHS11,EES82QFC,FSS62QE,HGS42,MGS22QT,PPS82QA,SBS22H,SBS44QLB,UAS11,ZLUN,,,,,
02M475,2024,2,278,,,,,AHS11,EES82QFC,FSS62QE,HGS42,MGS22QT,PPS82QA,SBS22H,SBS44QLB,UAS11,ZLUN,,,,,
02M475,2024,2,279,,,,,AHS11,EES82QFC,FSS62QE,HGS42,MGS22QT,PPS82QA,SBS22H,SBS44QLB,UAS11,ZLUN,,,,,
02M475,2024,2,280,,,,,AHS11,EES82QFC,FSS62QE,HGS42,MGS22QT,PPS82QA,SBS22H,SBS44QLB,UAS11,ZLUN,ZQ01,,,,
02M475,2024,2,281,,,,,AHS11,EES82QFC,FSS62QE,HGS42,MGS22QT,PPS82QA,SBS22H,SBS44QLB,UAS11,ZLUN,ZQT10,,,,
02M475,2024,2,282,,,,,AHS11,EES82QFC,FSS62QE,HGS42,MGS22QT,PPS82QA,SBS22H,SBS44QLB,UDS11Q2,ZLUN,ZQT10,,,,
02M475,2024,2,283,,,,,AHS11,EES82QFC,FSS62QE,HGS42,MGS22QT,PPS82QA,SBS22H,SBS44QLB,UDS11Q4,ZLUN,,,,,
02M475,2024,2,284,,,,,AHS11,EES82QFC,FSS62QE,HGS42,MGS22QT,PPS82QA,SBS22H,SBS44QLB,UDS11Q8,ZLUN,ZQ03,,,,
02M475,2024,2,285,,,,,AHS11,EES82QFC,FSS62QE,HGS42,MGS22QT,PPS82QA,SBS22H,SBS44QLB,ZLUN,,,,,,
02M475,2024,2,286,,,,,AHS11,EES82QFC,FSS62QE,HGS42,MGS22QT,PPS82QA,SBS22H,SBS44QLB,ZLUN,,,,,,
02M475,2024,2,287,,,,,AHS11,EES82QFC,FSS62QE,HGS42,MGS22QT,PPS82QA,SBS22H,SBS44QLB,ZLUN,,,,,,
02M475,2024,2,288,,,,,AHS11,EES82QFC,FSS62QE,HGS42,MGS22QT,PPS82QA,SBS22H,SBS44QLB,ZLUN,,,,,,
02M475,2024,2,289,,,,,AHS11,EES82QFC,FSS62QE,HGS42,MGS22QT,PPS82QA,SBS22H,SBS44QLB,ZLUN,,,,,,
02M475,2024,2,290,,,,,AHS11,EES82QFC,FSS62QE,HGS42,MGS22QT,PPS82QA,SBS22H,SBS44QLB,ZLUN,ZQ03,,,,,
02M475,2024,2,291,,,,,AHS11,EES82QFC,FSS62QE,HGS42,MGS22QT,PPS82QA,SBS22H,SBS44QLB,ZLUN,ZQPD1,,,,,
02M475,2024,2,292,,,,,AHS11,EES82QFC,FSS62QE,HGS42,MGS22QT,PPS82QA,SBS22H,SBS44QLB,ZLUN,ZQPD1,,,,,
02M475,2024,2,293,,,,,AHS11,EES82QFC,FSS62QE,HGS42,MGS22QT,PPS82QA,SBS22H,SBS44QLB,ZLUN,ZQT10,,,,,
02M475,2024,2,294,,,,,AHS11,EES82QFC,FSS62QE,HGS42,MGS22QT,PPS82QA,SBS22X,ZLUN,,,,,,,
02M475,2024,2,295,,,,,AHS11,EES82QFC,FSS62QE,HGS42,MGS22QT,PPS82QA,SBS22X,ZLUN,ZQ03,,,,,,
02M475,2024,2,296,,,,,AHS11,EES82QFC,FSS62QE,HGS42,MGS22QT,PPS82QB,SBS22H,SBS44QLA,UDS11Q4,ZLUN,,,,,
02M475,2024,2,297,,,,,AHS11,EES82QFC,FSS62QE,HGS42,MGS22QT,PPS82QB,SBS22H,SBS44QLA,UFS11,ZLUN,,,,,
02M475,2024,2,298,,,,,AHS11,EES82QFC,FSS62QE,HGS42,MGS22QT,PPS82QB,SBS22H,SBS44QLA,UMS11,ZLUN,,,,,
02M475,2024,2,299,,,,,AHS11,EES82QFC,FSS62QE,HGS42,MGS22QT,PPS82QB,SBS22H,SBS44QLA,ZLUN,,,,,,
02M475,2024,2,300,,,,,AHS11,EES82QFC,FSS62QE,HGS42,MGS22QT,PPS82QB,SBS22H,SBS44QLA,ZLUN,,,,,,
02M475,2024,2,301,,,,,AHS11,EES82QFC,FSS62QE,HGS42,MGS22QT,PPS82QB,SBS22H,SBS44QLA,ZLUN,,,,,,
02M475,2024,2,302,,,,,AHS11,EES82QFC,FSS62QE,HGS42,MGS22QT,PPS82QB,SBS22H,SBS44QLA,ZLUN,,,,,,
02M475,2024,2,303,,,,,AHS11,EES82QFC,FSS62QE,HGS42,MGS22QT,PPS82QB,SBS22H,SBS44QLA,ZLUN,ZQ03,,,,,
02M475,2024,2,304,,,,,AHS11,EES82QFC,FSS62QE,HGS42,MGS22QT,PPS82QB,SBS22H,SBS44QLA,ZLUN,ZQ07,,,,,
02M475,2024,2,305,,,,,AHS11,EES82QFC,FSS62QE,HGS42,MGS22QT,PPS82QB,SBS22H,SBS44QLA,ZLUN,ZQFA8,ZQFB3,,,,
02M475,2024,2,306,,,,,AHS11,EES82QFC,FSS62QE,HGS42,MGS22QT,PPS82QB,SBS22H,SBS44QLA,ZLUN,ZQFA8,ZQFB6,,,,
02M475,2024,2,307,,,,,AHS11,EES82QFC,FSS62QE,HGS42,MGS22QT,PPS82QB,SBS22H,SBS44QLA,ZLUN,ZQPD1,,,,,
02M475,2024,2,308,,,,,AHS11,EES82QFC,FSS62QE,HGS42,MGS22QT,PPS82QB,SBS22H,SBS44QLA,ZLUN,ZQPD1,ZQT10,,,,
02M475,2024,2,309,,,,,AHS11,EES82QFC,FSS62QE,HGS42,MGS22QT,PPS82QB,SBS22H,SBS44QLA,ZLUN,ZQT10,,,,,
02M475,2024,2,310,,,,,AHS11,EES82QFC,FSS62QE,HGS42,MGS22QT,PPS82QB,SBS22H,SBS44QLA,ZLUN,ZQT10,,,,,
02M475,2024,2,311,,,,,AHS11,EES82QFC,FSS62QE,HGS42,MGS22QT,PPS82QB,SBS22H,SBS44QLB,ZLUN,ZQFA5,,,,,
02M475,2024,2,312,,,,,AHS11,EES82QFC,FSS62QE,HGS42,MGS22QT,PPS82QB,SBS22H,SBS44QLB,ZLUN,ZQFA5,,,,,
02M475,2024,2,313,,,,,AHS11,EES82QFC,FSS62QE,HGS42,MGS22QT,PPS82QB,SBS22H,SBS44QLB,ZLUN,ZQFA5,ZQFA8,,,,
02M475,2024,2,314,,,,,AHS11,EES82QFC,FSS62QE,HGS42,MGS22QT,PPS82QB,SBS22H,SBS44QLB,ZLUN,ZQFA5,ZQFA8,,,,
02M475,2024,2,315,,,,,AHS11,EES82QFC,FSS62QE,HGS42,MGS22QT,PPS82QB,SBS22X,UDS11Q4,ZLUN,ZT10,,,,,
02M475,2024,2,316,,,,,AHS11,EES82QFC,FSS62QE,HGS42,MGS22QT,PPS82QB,SBS22X,UFS11,ZLUN,,,,,,
02M475,2024,2,317,,,,,AHS11,EES82QFC,FSS62QE,HGS42,MGS22QT,PPS82QB,SBS22X,ZLUN,,,,,,,
02M475,2024,2,318,,,,,AHS11,EES82QFC,FSS62QE,HGS42,MGS22QT,PPS82QB,SBS22X,ZLUN,,,,,,,
02M475,2024,2,319,,,,,AHS11,EES82QFC,FSS62QE,HGS42,MGS22QT,PPS82QB,SBS22X,ZLUN,ZQ03,,,,,,
02M475,2024,2,320,,,,,AHS11,EES82QFC,FSS62QE,HGS42,MGS22QT,PPS82QB,SBS22X,ZLUN,ZQ03,,,,,,
02M475,2024,2,321,,,,,AHS11,EES82QFC,FSS62QE,HGS42,MGS22QT,PPS82QB,SBS22X,ZLUN,ZQ03,,,,,,
02M475,2024,2,322,,,,,AHS11,EES82QFC,FSS62QE,HGS42,MGS22QT,PPS82QB,SBS22X,ZLUN,ZQFA7,,,,,,
02M475,2024,2,323,,,,,AHS11,EES82QFC,FSS62QE,HGS42,MGS22QT,PPS82QB,SBS22X,ZLUN,ZQFB3,,,,,,
02M475,2024,2,324,,,,,AHS11,EES82QFC,FSS62QE,HGS42,MGS22QT,PWS82QA,SBS22H,SBS44QLA,UAS11,ZLUN,ZQFB4,,,,
02M475,2024,2,325,,,,,AHS11,EES82QFC,FSS62QE,HGS42,MGS22QT,PWS82QA,SBS22H,SBS44QLA,UAS11,ZLUN,ZQFB5,,,,
02M475,2024,2,326,,,,,AHS11,EES82QFC,FSS62QE,HGS42,MGS22QT,PWS82QA,SBS22H,SBS44QLA,ZLUN,ZQFB4,,,,,
02M475,2024,2,327,,,,,AHS11,EES82QFC,FSS62QE,HGS42,MGS22QT,PWS82QA,SBS22H,SBS44QLA,ZLUN,ZQFB4,ZQFB7,,,,
02M475,2024,2,328,,,,,AHS11,EES82QFC,FSS62QE,HGS42,MGS22QT,PWS82QA,SBS22H,SBS44QLB,UAS11,ZLUN,ZQPD1,,,,
02M475,2024,2,329,,,,,AHS11,EES82QFC,FSS62QE,HGS42,MGS22QT,PWS82QA,SBS22H,SBS44QLB,ZLUN,,,,,,
02M475,2024,2,330,,,,,AHS11,EES82QFC,FSS62QE,HGS42,MGS22QT,PWS82QA,SBS22H,SBS44QLB,ZLUN,ZQ01,ZQFA8,ZQFB3,,,
02M475,2024,2,331,,,,,AHS11,EES82QFC,FSS62QE,HGS42,MGS22QT,PWS82QA,SBS22H,SBS44QLB,ZLUN,ZQFA3,,,,,
02M475,2024,2,332,,,,,AHS11,EES82QFC,FSS62QE,HGS42,MGS22QT,PWS82QA,SBS22X,UAS11,ZLUN,ZQFB6,,,,,
02M475,2024,2,333,,,,,AHS11,EES82QFC,FSS62QE,HGS42,MGS22QT,PWS82QA,SBS22X,ZLUN,ZQ03,,,,,,
02M475,2024,2,334,,,,,AHS11,EES82QFC,FSS62QE,HGS42,MGS22QT,PWS82QB,SBS22H,SBS44QLA,UAS11,ZLUN,ZQT10,,,,
02M475,2024,2,335,,,,,AHS11,EES82QFC,FSS62QE,HGS42,MGS22QT,PWS82QB,SBS22H,SBS44QLA,UDS11Q8,ZLUN,,,,,
02M475,2024,2,336,,,,,AHS11,EES82QFC,FSS62QE,HGS42,MGS22QT,PWS82QB,SBS22H,SBS44QLA,UZS32,ZLUN,ZQFA3,,,,
02M475,2024,2,337,,,,,AHS11,EES82QFC,FSS62QE,HGS42,MGS22QT,PWS82QB,SBS22H,SBS44QLA,ZLUN,,,,,,
02M475,2024,2,338,,,,,AHS11,EES82QFC,FSS62QE,HGS42,MGS22QT,PWS82QB,SBS22H,SBS44QLA,ZLUN,,,,,,
02M475,2024,2,339,,,,,AHS11,EES82QFC,FSS62QE,HGS42,MGS22QT,PWS82QB,SBS22H,SBS44QLA,ZLUN,ZQFB4,,,,,
02M475,2024,2,340,,,,,AHS11,EES82QFC,FSS62QE,HGS42,MGS22QT,PWS82QB,SBS22H,SBS44QLA,ZLUN,ZQFB7,,,,,
02M475,2024,2,341,,,,,AHS11,EES82QFC,FSS62QE,HGS42,MGS22QT,PWS82QB,SBS22H,SBS44QLB,ZLUN,,,,,,
02M475,2024,2,342,,,,,AHS11,EES82QFC,FSS62QE,HGS42,MRS22,PPS82QB,SBS22H,SBS44QLA,ZLUN,ZQ03,,,,,
02M475,2024,2,343,,,,,AHS11,EES82QFC,FSS62QE,HGS42,MRS22,PPS82QB,SBS22H,SBS44QLA,ZLUN,ZQ03,,,,,
02M475,2024,2,344,,,,,AHS11,EES82QFC,FSS62QE,HGS42,MRS22,PPS82QB,SBS22H,SBS44QLB,ZLUN,ZQFA3,ZQFA8,,,,
02M475,2024,2,345,,,,,AHS11,EES82QFC,FSS62QE,HGS42XHG,MES11,MGS22QT,PPS82QA,SBS22H,SBS44QLB,ZLUN,,,,,
02M475,2024,2,346,,,,,AHS11,EES82QFC,FSS62QE,HGS42XHG,MGS22QT,PPS82QA,SBS22H,SBS44QLB,UAS11,ZLUN,,,,,
02M475,2024,2,347,,,,,AHS11,EES82QFC,FSS62QE,HGS42XHG,MGS22QT,PPS82QA,SBS22H,SBS44QLB,ZLUN,,,,,,
02M475,2024,2,348,,,,,AHS11,EES82QFC,FSS62QE,HGS42XHG,MGS22QT,PPS82QA,SBS22H,SBS44QLB,ZLUN,,,,,,
02M475,2024,2,349,,,,,AHS11,EES82QFC,FSS62QE,HGS42XHG,MGS22QT,PPS82QA,SBS22H,SBS44QLB,ZLUN,,,,,,
02M475,2024,2,350,,,,,AHS11,EES82QFC,FSS62QE,HGS42XHG,MGS22QT,PPS82QA,SBS22H,SBS44QLB,ZLUN,ZQ03,,,,,
02M475,2024,2,351,,,,,AHS11,EES82QFC,FSS62QE,HGS42XHG,MGS22QT,PPS82QB,SBS22H,SBS44QLA,UAS11,ZLUN,,,,,
02M475,2024,2,352,,,,,AHS11,EES82QFC,FSS62QE,HGS42XHG,MGS22QT,PPS82QB,SBS22H,SBS44QLA,ZLUN,,,,,,
02M475,2024,2,353,,,,,AHS11,EES82QFC,FSS62QE,HGS42XHG,MGS22QT,PPS82QB,SBS22H,SBS44QLA,ZLUN,,,,,,
02M475,2024,2,354,,,,,AHS11,EES82QFC,FSS62QE,HGS42XHG,MGS22QT,PPS82QB,SBS22H,SBS44QLA,ZLUN,ZQ08,,,,,
02M475,2024,2,355,,,,,AHS11,EES82QFC,FSS64QE,HGS42,MGS22QE,MQS82QP1,PPS82QB,SBS22X,ZLUN,,,,,,
02M475,2024,2,356,,,,,AHS11,EES82QFC,FSS64QE,HGS42,MGS22QE,MQS82QP1,PWS82QB,SBS22H,SBS44QLA,ZLUN,,,,,
02M475,2024,2,357,,,,,AHS11,EES82QFC,FSS64QE,HGS42,MGS22QE,PPS82QB,SBS22X,ZLUN,,,,,,,
02M475,2024,2,358,,,,,AHS11,EES82QFC,FSS64QE,HGS42,MGS22QE,PPS82QB,SBS22X,ZLUN,,,,,,,
02M475,2024,2,359,,,,,AHS11,EES82QFC,FSS64QE,HGS42,MGS22QE,PWS82QA,SBS22H,SBS44QLB,ZLUN,,,,,,
02M475,2024,2,360,,,,,AHS11,EES82QFC,FSS64QE,HGS42,MGS22QE,PWS82QA,SBS22H,SBS44QLB,ZLUN,ZQFA8,ZQFB3,ZQT10,,,
02M475,2024,2,361,,,,,AHS11,EES82QFC,FSS64QE,HGS42,MGS22QT,PPS82QA,SBS22H,SBS44QLA,UDS11Q8,ZLUN,ZQFB3,,,,
02M475,2024,2,362,,,,,AHS11,EES82QFC,FSS64QE,HGS42,MGS22QT,PPS82QA,SBS22H,SBS44QLA,ZLUN,ZQFB4,,,,,
02M475,2024,2,363,,,,,AHS11,EES82QFC,FSS64QE,HGS42,MGS22QT,PPS82QA,SBS22H,SBS44QLB,UAS11,ZLUN,,,,,
02M475,2024,2,364,,,,,AHS11,EES82QFC,FSS64QE,HGS42,MGS22QT,PPS82QA,SBS22H,SBS44QLB,UDS11Q2,ZLUN,ZQ06,,,,
02M475,2024,2,365,,,,,AHS11,EES82QFC,FSS64QE,HGS42,MGS22QT,PPS82QA,SBS22H,SBS44QLB,UDS11Q2,ZLUN,ZQT10,,,,
02M475,2024,2,366,,,,,AHS11,EES82QFC,FSS64QE,HGS42,MGS22QT,PPS82QA,SBS22H,SBS44QLB,ZLUN,ZQ03,,,,,
02M475,2024,2,367,,,,,AHS11,EES82QFC,FSS64QE,HGS42,MGS22QT,PPS82QA,SBS22H,SBS44QLB,ZLUN,ZQ08,,,,,
02M475,2024,2,368,,,,,AHS11,EES82QFC,FSS64QE,HGS42,MGS22QT,PPS82QA,SBS22H,SBS44QLB,ZLUN,ZQFA3,,,,,
02M475,2024,2,369,,,,,AHS11,EES82QFC,FSS64QE,HGS42,MGS22QT,PPS82QA,SBS22H,SBS44QLB,ZLUN,ZQT10,,,,,
02M475,2024,2,370,,,,,AHS11,EES82QFC,FSS64QE,HGS42,MGS22QT,PPS82QA,SBS22X,ZLUN,ZQFA3,,,,,,
02M475,2024,2,371,,,,,AHS11,EES82QFC,FSS64QE,HGS42,MGS22QT,PPS82QA,SBS22X,ZLUN,ZQFA3,ZQFB5,,,,,
02M475,2024,2,372,,,,,AHS11,EES82QFC,FSS64QE,HGS42,MGS22QT,PPS82QA,SBS22X,ZLUN,ZQFB3,ZQFB7,,,,,
02M475,2024,2,373,,,,,AHS11,EES82QFC,FSS64QE,HGS42,MGS22QT,PPS82QB,SBS22H,SBS44QLA,ZLUN,,,,,,
02M475,2024,2,374,,,,,AHS11,EES82QFC,FSS64QE,HGS42,MGS22QT,PPS82QB,SBS22H,SBS44QLA,ZLUN,,,,,,
02M475,2024,2,375,,,,,AHS11,EES82QFC,FSS64QE,HGS42,MGS22QT,PPS82QB,SBS22H,SBS44QLB,ZLUN,ZQ03,ZQFA5,ZQFA8,,,
02M475,2024,2,376,,,,,AHS11,EES82QFC,FSS64QE,HGS42,MGS22QT,PPS82QB,SBS22X,UDS11Q2,ZLUN,,,,,,
02M475,2024,2,377,,,,,AHS11,EES82QFC,FSS64QE,HGS42,MGS22QT,PPS82QB,SBS22X,UFS11,ZLUN,ZQFA3,,,,,
02M475,2024,2,378,,,,,AHS11,EES82QFC,FSS64QE,HGS42,MGS22QT,PWS82QA,SBS22X,ZLUN,ZQFB3,,,,,,
02M475,2024,2,379,,,,,AHS11,EES82QFC,FSS64QE,HGS42,MGS22QT,PWS82QA,SBS22X,ZLUN,ZQFB3,ZQFB7,ZQT10,,,,
02M475,2024,2,380,,,,,AHS11,EES82QFC,FSS64QE,HGS42,MGS22QT,PWS82QB,SBS22X,UAS11,ZLUN,,,,,,
02M475,2024,2,381,,,,,AHS11,EES82QFC,FSS64QE,HGS42,MPS22X,MQS82QP1,PPS82QA,SBS22X,UQS11,ZLUN,,,,,
02M475,2024,2,382,,,,,AHS11,EES82QFC,FSS64QE,HGS42,MRS22,PPS82QA,SBS22H,SBS44QLB,UJS11,ZLUN,,,,,
02M475,2024,2,383,,,,,AHS11,EES82QFC,FSS64QE,HGS42,MRS22,PPS82QB,SBS22X,UDS11Q8,ZLUN,,,,,,
02M475,2024,2,384,,,,,AHS11,EES82QFC,FSS64QE,HGS42XHG,MGS22QE,PPS82QA,SBS22H,SBS44QLB,ZLUN,ZQ03,,,,,
02M475,2024,2,385,,,,,AHS11,EES82QFC,FSS64QE,HGS42XHG,MGS22QT,PPS82QA,SBS22H,SBS44QLB,ZLUN,,,,,,
02M475,2024,2,386,,,,,AHS11,EES82QFC,FSS64QE,HGS42XHG,MGS22QT,PWS82QA,SBS22H,SBS44QLA,ZLUN,ZQFB7,,,,,
02M475,2024,2,387,,,,,AHS11,EES82QFC,FSS64QE,HGS42XHG,MGS22QT,PWS82QB,SBS22H,SBS44QLA,UZS32,ZLUN,,,,,
02M475,2024,2,388,,,,,AHS11,EES82QFC,HGS42,MGS22QT,PHS11,PWS82QA,SBS22H,SBS44QLB,ZLUN,ZQHALL,ZQPD1,,,,
02M475,2024,2,389,,,,,AHS11,EES82QFC,HGS42,MGS22QT,PWS82QA,SBS22H,SBS44QLB,ZLUN,ZQHALL,ZQPD1,,,,,
02M475,2024,2,390,,,,,ANS11QAS,EES82QFC,FFS62QE,HGS42,MRS22,PHS11,PPS82QB,SBS22H,SBS44QLA,ZLUN,,,,,
02M475,2024,2,391,,,,,ANS11QAS,EES82QFC,FGS62,HGS42,MGS22QT,PHS11,PWS82QA,SBS22H,SBS44QLB,ZLUN,,,,,
02M475,2024,2,392,,,,,ANS11QAS,EES82QFC,FJS62,HGS42,MGS22QT,PHS11,PPS82QA,SBS22H,SBS44QLA,ZLUN,,,,,
02M475,2024,2,393,,,,,ANS11QAS,EES82QFC,FMS62QE,HGS42,MGS22QT,PHS11,PPS82QA,SBS22X,ZLUN,,,,,,
02M475,2024,2,394,,,,,ANS11QAS,EES82QFC,FSS62QE,HGS42,MRS22,PHS11,PWS82QA,SBS22X,ZLUN,ZQFB3,,,,,
02M475,2024,2,395,,,,,ANS11QAS,EES82QFC,FSS64QE,HGS42,MGS22QE,PHS11,PWS82QB,SBS22X,ZLUN,ZQ03,,,,,
02M475,2024,2,396,,,,,EES11S,EES82QFC,FFS62QE,HGS42,MGS22QT,PHS11,PPS82QA,SBS22H,SBS44QLB,ZLUN,ZT10,,,,
02M475,2024,2,397,,,,,EES11S,EES82QFC,FFS62QE,HGS42XHG,MGS22QT,PHS11,PPS82QA,SBS22H,SBS44QLB,ZLUN,ZT10,,,,
02M475,2024,2,398,,,,,EES11S,EES82QFC,FJS62,HGS42,MGS22QT,PHS11,PPS82QA,SBS22H,SBS44QLB,ZLUN,ZT10,,,,
02M475,2024,2,399,,,,,EES11S,EES82QFC,FJS62,HGS42,MGS22QT,PHS11,PPS82QA,SBS22H,SBS44QLB,ZLUN,ZT10,,,,
02M475,2024,2,400,,,,,EES11S,EES82QFC,FLS62QE,HGS42,MGS22QT,PHS11,PPS82QA,SBS22H,SBS44QLB,ZLUN,ZT10,,,,
02M475,2024,2,401,,,,,EES11S,EES82QFC,FMS64,HGS42,MGS22QT,PHS11,PWS82QB,SBS22X,ZLUN,,,,,,
02M475,2024,2,402,,,,,EES82QFC,FFS62QE,HGS42,MES11,MGS22QT,PHS11,PPS82QA,SBS22H,SBS44QLB,ZLUN,,,,,
02M475,2024,2,403,,,,,EES82QFC,FFS62QE,HGS42,MES11,MGS22QT,PHS11,PPS82QA,SBS22H,SBS44QLB,ZLUN,,,,,
02M475,2024,2,404,,,,,EES82QFC,FFS62QE,HGS42,MES11,MGS22QT,PHS11,PPS82QA,SBS22H,SBS44QLB,ZLUN,,,,,
02M475,2024,2,405,,,,,EES82QFC,FFS62QE,HGS42,MES11,MGS22QT,PHS11,PPS82QA,SBS22H,SBS44QLB,ZLUN,ZQ10,,,,
02M475,2024,2,406,,,,,EES82QFC,FFS62QE,HGS42,MGS22QE,MQS82QP1,PHS11,PPS82QB,SBS22X,UAS11,ZLUN,,,,,
02M475,2024,2,407,,,,,EES82QFC,FFS62QE,HGS42,MGS22QE,PHS11,PPS82QA,SBS22H,SBS44QLB,UAS11,ZLUN,,,,,
02M475,2024,2,408,,,,,EES82QFC,FFS62QE,HGS42,MGS22QE,PHS11,PPS82QA,SBS22X,ZLUN,ZQ01,ZT10,,,,,
02M475,2024,2,409,,,,,EES82QFC,FFS62QE,HGS42,MGS22QE,PHS11,PPS82QB,SBS22H,SBS44QLA,ZLUN,,,,,,
02M475,2024,2,410,,,,,EES82QFC,FFS62QE,HGS42,MGS22QE,PHS11,PPS82QB,SBS22X,UDS11Q2,ZLUN,,,,,,
02M475,2024,2,411,,,,,EES82QFC,FFS62QE,HGS42,MGS22QE,PHS11,PWS82QA,SBS22H,SBS44QLA,UAS11,ZLUN,ZQFB7,,,,
02M475,2024,2,412,,,,,EES82QFC,FFS62QE,HGS42,MGS22QT,PHS11,PPS82QA,SBS22H,SBS44QLA,UAS11,ZLUN,ZQFB3,,,,
02M475,2024,2,413,,,,,EES82QFC,FFS62QE,HGS42,MGS22QT,PHS11,PPS82QA,SBS22H,SBS44QLA,ZLUN,ZQFB4,,,,,
02M475,2024,2,414,,,,,EES82QFC,FFS62QE,HGS42,MGS22QT,PHS11,PPS82QA,SBS22H,SBS44QLB,UAS11,ZLUN,,,,,
02M475,2024,2,415,,,,,EES82QFC,FFS62QE,HGS42,MGS22QT,PHS11,PPS82QA,SBS22H,SBS44QLB,ZLUN,,,,,,
02M475,2024,2,416,,,,,EES82QFC,FFS62QE,HGS42,MGS22QT,PHS11,PPS82QA,SBS22H,SBS44QLB,ZLUN,ZQ03,,,,,
02M475,2024,2,417,,,,,EES82QFC,FFS62QE,HGS42,MGS22QT,PHS11,PPS82QA,SBS22H,SBS44QLB,ZLUN,ZQFA7,,,,,
02M475,2024,2,418,,,,,EES82QFC,FFS62QE,HGS42,MGS22QT,PHS11,PPS82QA,SBS22H,SBS44QLB,ZLUN,ZQT10,,,,,
02M475,2024,2,419,,,,,EES82QFC,FFS62QE,HGS42,MGS22QT,PHS11,PPS82QA,SBS22X,SQS88QP5,ZLUN,ZQFB3,,,,,
02M475,2024,2,420,,,,,EES82QFC,FFS62QE,HGS42,MGS22QT,PHS11,PPS82QA,SBS22X,UAS11,ZLUN,,,,,,
02M475,2024,2,421,,,,,EES82QFC,FFS62QE,HGS42,MGS22QT,PHS11,PPS82QA,SBS22X,ZLUN,ZQ03,,,,,,
02M475,2024,2,422,,,,,EES82QFC,FFS62QE,HGS42,MGS22QT,PHS11,PPS82QA,SBS22X,ZLUN,ZQFB3,,,,,,
02M475,2024,2,423,,,,,EES82QFC,FFS62QE,HGS42,MGS22QT,PHS11,PPS82QA,SBS22X,ZLUN,ZQFB3,,,,,,
02M475,2024,2,424,,,,,EES82QFC,FFS62QE,HGS42,MGS22QT,PHS11,PPS82QB,SBS22H,SBS44QLA,UAS11,ZLUN,ZQFA3,,,,
02M475,2024,2,425,,,,,EES82QFC,FFS62QE,HGS42,MGS22QT,PHS11,PPS82QB,SBS22H,SBS44QLA,UDS11Q2,ZLUN,ZT10,,,,
02M475,2024,2,426,,,,,EES82QFC,FFS62QE,HGS42,MGS22QT,PHS11,PPS82QB,SBS22H,SBS44QLA,ZLUN,,,,,,
02M475,2024,2,427,,,,,EES82QFC,FFS62QE,HGS42,MGS22QT,PHS11,PPS82QB,SBS22H,SBS44QLA,ZLUN,,,,,,
02M475,2024,2,428,,,,,EES82QFC,FFS62QE,HGS42,MGS22QT,PHS11,PPS82QB,SBS22H,SBS44QLA,ZLUN,,,,,,
02M475,2024,2,429,,,,,EES82QFC,FFS62QE,HGS42,MGS22QT,PHS11,PPS82QB,SBS22H,SBS44QLA,ZLUN,ZQPD1,,,,,
02M475,2024,2,430,,,,,EES82QFC,FFS62QE,HGS42,MGS22QT,PHS11,PPS82QB,SBS22H,SBS44QLB,UAS11,ZLUN,ZQFA7,,,,
02M475,2024,2,431,,,,,EES82QFC,FFS62QE,HGS42,MGS22QT,PHS11,PPS82QB,SBS22H,SBS44QLB,UMS11,ZLUN,ZQFA3,ZQFA8,,,
02M475,2024,2,432,,,,,EES82QFC,FFS62QE,HGS42,MGS22QT,PHS11,PPS82QB,SBS22H,SBS44QLB,ZLUN,ZQFA3,ZQFA8,,,,
02M475,2024,2,433,,,,,EES82QFC,FFS62QE,HGS42,MGS22QT,PHS11,PPS82QB,SBS22H,SBS44QLB,ZLUN,ZQFA5,ZQT10,,,,
02M475,2024,2,434,,,,,EES82QFC,FFS62QE,HGS42,MGS22QT,PHS11,PPS82QB,SBS22X,UAS11,ZLUN,ZQ03,,,,,
02M475,2024,2,435,,,,,EES82QFC,FFS62QE,HGS42,MGS22QT,PHS11,PPS82QB,SBS22X,ZLUN,,,,,,,
02M475,2024,2,436,,,,,EES82QFC,FFS62QE,HGS42,MGS22QT,PHS11,PPS82QB,SBS22X,ZLUN,ZQ03,,,,,,
02M475,2024,2,437,,,,,EES82QFC,FFS62QE,HGS42,MGS22QT,PHS11,PPS82QB,SBS22X,ZLUN,ZQFA8,ZQFB3,,,,,
02M475,2024,2,438,,,,,EES82QFC,FFS62QE,HGS42,MGS22QT,PHS11,PWS82QA,SBS22H,SBS44QLA,UAS11,ZLUN,,,,,
02M475,2024,2,439,,,,,EES82QFC,FFS62QE,HGS42,MGS22QT,PHS11,PWS82QA,SBS22H,SBS44QLA,ZLUN,,,,,,
02M475,2024,2,440,,,,,EES82QFC,FFS62QE,HGS42,MGS22QT,PHS11,PWS82QA,SBS22H,SBS44QLB,UAS11,ZLUN,,,,,
02M475,2024,2,441,,,,,EES82QFC,FFS62QE,HGS42,MGS22QT,PHS11,PWS82QB,SBS22H,SBS44QLA,UAS11,ZLUN,,,,,
02M475,2024,2,442,,,,,EES82QFC,FFS62QE,HGS42,MGS22QT,PHS11,PWS82QB,SBS22H,SBS44QLB,ZLUN,,,,,,
02M475,2024,2,443,,,,,EES82QFC,FFS62QE,HGS42,MGS22QT,PHS11,PWS82QB,SBS22H,SBS44QLB,ZLUN,ZQ03,ZQFA7,,,,
02M475,2024,2,444,,,,,EES82QFC,FFS62QE,HGS42,MGS22QT,PHS11,PWS82QB,SBS22H,SBS44QLB,ZLUN,ZQFA7,,,,,
02M475,2024,2,445,,,,,EES82QFC,FFS62QE,HGS42,MRS22,PHS11,PPS82QA,SBS22H,SBS44QLB,ZLUN,,,,,,
02M475,2024,2,446,,,,,EES82QFC,FFS62QE,HGS42,MRS22,PHS11,PPS82QB,SBS22H,SBS44QLA,ZLUN,ZQFB3,,,,,
02M475,2024,2,447,,,,,EES82QFC,FFS62QE,HGS42XHG,MGS22QT,PHS11,PPS82QB,SBS22H,SBS44QLA,ZLUN,,,,,,
02M475,2024,2,448,,,,,EES82QFC,FFS64,HGS42,MGS22QT,MQS82QP1,PHS11,PWS82QB,SBS22H,SBS44QLB,ZLUN,,,,,
02M475,2024,2,449,,,,,EES82QFC,FFS64,HGS42,MGS22QT,PHS11,PPS82QA,SBS22H,SBS44QLA,ZLUN,ZQFB3,,,,,
02M475,2024,2,450,,,,,EES82QFC,FFS64,HGS42,MGS22QT,PHS11,PPS82QA,SBS22H,SBS44QLA,ZLUN,ZQFB3,,,,,
02M475,2024,2,451,,,,,EES82QFC,FFS64,HGS42,MGS22QT,PHS11,PPS82QA,SBS22X,UDS11Q2,ZLUN,ZQ03,,,,,
02M475,2024,2,452,,,,,EES82QFC,FFS64,HGS42,MGS22QT,PHS11,PPS82QA,SBS22X,UDS11Q8,ZLUN,,,,,,
02M475,2024,2,453,,,,,EES82QFC,FFS64,HGS42,MGS22QT,PHS11,PPS82QA,SBS22X,UDS11Q8,ZLUN,ZQFB3,,,,,
02M475,2024,2,454,,,,,EES82QFC,FFS64,HGS42,MGS22QT,PHS11,PPS82QA,SBS22X,UZS32,ZLUN,,,,,,
02M475,2024,2,455,,,,,EES82QFC,FFS64,HGS42,MGS22QT,PHS11,PPS82QA,SBS22X,ZLUN,,,,,,,
02M475,2024,2,456,,,,,EES82QFC,FFS64,HGS42,MGS22QT,PHS11,PPS82QB,SBS22H,SBS44QLA,ZLUN,ZQ03,,,,,
02M475,2024,2,457,,,,,EES82QFC,FFS64,HGS42,MGS22QT,PHS11,PPS82QB,SBS22X,UZS32,ZLUN,,,,,,
02M475,2024,2,458,,,,,EES82QFC,FFS64,HGS42,MGS22QT,PHS11,PWS82QA,SBS22X,UDS11Q4,ZLUN,ZQFA3,ZQFB6,,,,
02M475,2024,2,459,,,,,EES82QFC,FFS64,HGS42,MPS22X,MQS82QP1,PHS11,PPS82QA,SBS22H,SBS44QLB,ZLUN,ZQT10,,,,
02M475,2024,2,460,,,,,EES82QFC,FGS62,HGS42,MES11,MGS22QT,PHS11,PWS82QA,SBS22H,SBS44QLB,ZLUN,ZQPD1,,,,
02M475,2024,2,461,,,,,EES82QFC,FGS62,HGS42,MGS22QE,MQS82QP1,PHS11,PPS82QA,SBS22X,UMS11,ZLUN,,,,,
02M475,2024,2,462,,,,,EES82QFC,FGS62,HGS42,MGS22QE,MQS82QP1,PHS11,PWS82QA,SBS22X,UDS11Q8,ZLUN,,,,,
02M475,2024,2,463,,,,,EES82QFC,FGS62,HGS42,MGS22QE,PHS11,PWS82QA,SBS22H,SBS44QLA,ZLUN,ZQFB3,,,,,
02M475,2024,2,464,,,,,EES82QFC,FGS62,HGS42,MGS22QT,PHS11,PPS82QA,SBS22H,SBS44QLA,ZLUN,ZQFB4,ZQFB5,,,,
02M475,2024,2,465,,,,,EES82QFC,FGS62,HGS42,MGS22QT,PHS11,PPS82QA,SBS22H,SBS44QLB,UAS11,ZLUN,,,,,
02M475,2024,2,466,,,,,EES82QFC,FGS62,HGS42,MGS22QT,PHS11,PPS82QA,SBS22H,SBS44QLB,UAS11,ZLUN,,,,,
02M475,2024,2,467,,,,,EES82QFC,FGS62,HGS42,MGS22QT,PHS11,PPS82QA,SBS22H,SBS44QLB,UQS11,ZLUN,,,,,
02M475,2024,2,468,,,,,EES82QFC,FGS62,HGS42,MGS22QT,PHS11,PPS82QA,SBS22H,SBS44QLB,ZLUN,,,,,,
02M475,2024,2,469,,,,,EES82QFC,FGS62,HGS42,MGS22QT,PHS11,PPS82QA,SBS22H,SBS44QLB,ZLUN,ZQFA8,ZQFB5,,,,
02M475,2024,2,470,,,,,EES82QFC,FGS62,HGS42,MGS22QT,PHS11,PPS82QA,SBS22X,UAS11,ZLUN,ZQ03,,,,,
02M475,2024,2,471,,,,,EES82QFC,FGS62,HGS42,MGS22QT,PHS11,PPS82QA,SBS22X,ZLUN,,,,,,,
02M475,2024,2,472,,,,,EES82QFC,FGS62,HGS42,MGS22QT,PHS11,PPS82QB,SBS22H,SBS44QLA,UAS11,ZLUN,,,,,
02M475,2024,2,473,,,,,EES82QFC,FGS62,HGS42,MGS22QT,PHS11,PPS82QB,SBS22H,SBS44QLA,UAS11,ZLUN,,,,,
02M475,2024,2,474,,,,,EES82QFC,FGS62,HGS42,MGS22QT,PHS11,PPS82QB,SBS22H,SBS44QLA,UDS11Q8,ZLUN,,,,,
02M475,2024,2,475,,,,,EES82QFC,FGS62,HGS42,MGS22QT,PHS11,PPS82QB,SBS22H,SBS44QLA,ZLUN,ZQ03,,,,,
02M475,2024,2,476,,,,,EES82QFC,FGS62,HGS42,MGS22QT,PHS11,PPS82QB,SBS22H,SBS44QLA,ZLUN,ZQ03,,,,,
02M475,2024,2,477,,,,,EES82QFC,FGS62,HGS42,MGS22QT,PHS11,PPS82QB,SBS22H,SBS44QLB,ZLUN,ZQFA7,,,,,
02M475,2024,2,478,,,,,EES82QFC,FGS62,HGS42,MGS22QT,PHS11,PPS82QB,SBS22X,UAS11,ZLUN,,,,,,
02M475,2024,2,479,,,,,EES82QFC,FGS62,HGS42,MGS22QT,PHS11,PPS82QB,SBS22X,ZLUN,,,,,,,
02M475,2024,2,480,,,,,EES82QFC,FGS62,HGS42,MGS22QT,PHS11,PPS82QB,SBS22X,ZLUN,ZQ03,,,,,,
02M475,2024,2,481,,,,,EES82QFC,FGS62,HGS42,MGS22QT,PHS11,PWS82QA,SBS22H,SBS44QLA,ZLUN,ZQFB4,,,,,
02M475,2024,2,482,,,,,EES82QFC,FGS62,HGS42,MGS22QT,PHS11,PWS82QA,SBS22H,SBS44QLB,ZLUN,ZQ03,,,,,
02M475,2024,2,483,,,,,EES82QFC,FGS62,HGS42,MGS22QT,PHS11,PWS82QA,SBS22H,SBS44QLB,ZLUN,ZQ03,ZQFA8,,,,
02M475,2024,2,484,,,,,EES82QFC,FGS62,HGS42,MGS22QT,PHS11,PWS82QA,SBS22H,SBS44QLB,ZLUN,ZQFA8,,,,,
02M475,2024,2,485,,,,,EES82QFC,FGS62,HGS42,MGS22QT,PHS11,PWS82QA,SBS22X,ZLUN,,,,,,,
02M475,2024,2,486,,,,,EES82QFC,FGS62,HGS42,MGS22QT,PHS11,PWS82QA,SBS22X,ZLUN,ZQ03,ZQFB7,,,,,
02M475,2024,2,487,,,,,EES82QFC,FGS62,HGS42,MGS22QT,PHS11,PWS82QB,SBS22H,SBS44QLA,ZLUN,,,,,,
02M475,2024,2,488,,,,,EES82QFC,FGS62,HGS42,MGS22QT,PHS11,PWS82QB,SBS22X,UAS11,ZLUN,,,,,,
02M475,2024,2,489,,,,,EES82QFC,FGS62,HGS42,MGS22QT,PHS11,PWS82QB,SBS22X,ZLUN,ZQ03,,,,,,
02M475,2024,2,490,,,,,EES82QFC,FGS62,HGS42,MPS22X,PHS11,PPS82QA,SBS22X,UYS11,ZLUN,,,,,,
02M475,2024,2,491,,,,,EES82QFC,FGS62,HGS42,MRS22,PHS11,PWS82QA,SBS22X,ZLUN,,,,,,,
02M475,2024,2,492,,,,,EES82QFC,FGS62,HGS42XHG,MES11,MGS22QT,PHS11,PPS82QA,SBS22H,SBS44QLB,ZLUN,,,,,
02M475,2024,2,493,,,,,EES82QFC,FGS62,HGS42XHG,MGS22QT,PHS11,PPS82QA,SBS22H,SBS44QLB,ZLUN,ZQFA8,ZQFB5,,,,
02M475,2024,2,494,,,,,EES82QFC,FGS62,HGS42XHG,MGS22QT,PHS11,PPS82QB,SBS22H,SBS44QLA,ZLUN,ZQFA8,ZQFB6,,,,
02M475,2024,2,495,,,,,EES82QFC,FGS62,HGS42XHG,MGS22QT,PHS11,PWS82QA,SBS22H,SBS44QLB,ZLUN,ZQFA7,ZQFB3,,,,
02M475,2024,2,496,,,,,EES82QFC,FJS62,HGS42,MES11,MGS22QT,PHS11,PPS82QA,SBS22H,SBS44QLA,ZLUN,,,,,
02M475,2024,2,497,,,,,EES82QFC,FJS62,HGS42,MES11,MGS22QT,PHS11,PPS82QA,SBS22H,SBS44QLB,ZLUN,ZQFA8,,,,
02M475,2024,2,498,,,,,EES82QFC,FJS62,HGS42,MES11,MGS22QT,PHS11,PWS82QB,SBS22H,SBS44QLA,ZLUN,,,,,
02M475,2024,2,499,,,,,EES82QFC,FJS62,HGS42,MGS22QE,MQS82QP1,PHS11,PPS82QB,SBS22X,ZLUN,,,,,,
02M475,2024,2,500,,,,,EES82QFC,FJS62,HGS42,MGS22QE,MQS82QP1,PHS11,PPS82QB,SBS22X,ZLUN,ZQFA8,ZQFB3,,,,
02M475,2024,2,501,,,,,EES82QFC,FJS62,HGS42,MGS22QE,PHS11,PPS82QB,SBS22H,SBS44QLA,ZLUN,ZQ03,,,,,
02M475,2024,2,502,,,,,EES82QFC,FJS62,HGS42,MGS22QE,PHS11,PPS82QB,SBS22X,UDS11Q2,ZLUN,,,,,,
02M475,2024,2,503,,,,,EES82QFC,FJS62,HGS42,MGS22QT,PHS11,PPS82QA,SBS22H,SBS44QLA,ZLUN,ZQFB5,,,,,
02M475,2024,2,504,,,,,EES82QFC,FJS62,HGS42,MGS22QT,PHS11,PPS82QA,SBS22H,SBS44QLB,ZLUN,,,,,,
02M475,2024,2,505,,,,,EES82QFC,FJS62,HGS42,MGS22QT,PHS11,PPS82QA,SBS22H,SBS44QLB,ZLUN,,,,,,
02M475,2024,2,506,,,,,EES82QFC,FJS62,HGS42,MGS22QT,PHS11,PPS82QA,SBS22H,SBS44QLB,ZLUN,ZQFB6,ZQT10,,,,
02M475,2024,2,507,,,,,EES82QFC,FJS62,HGS42,MGS22QT,PHS11,PPS82QA,SBS22H,SBS44QLB,ZLUN,ZQPD1,,,,,
02M475,2024,2,508,,,,,EES82QFC,FJS62,HGS42,MGS22QT,PHS11,PPS82QA,SBS22X,ZLUN,,,,,,,
02M475,2024,2,509,,,,,EES82QFC,FJS62,HGS42,MGS22QT,PHS11,PPS82QB,SBS22H,SBS44QLA,UDS11Q2,ZLUN,,,,,
02M475,2024,2,510,,,,,EES82QFC,FJS62,HGS42,MGS22QT,PHS11,PPS82QB,SBS22H,SBS44QLA,ZLUN,ZQ03,,,,,
02M475,2024,2,511,,,,,EES82QFC,FJS62,HGS42,MGS22QT,PHS11,PPS82QB,SBS22H,SBS44QLA,ZLUN,ZQT10,,,,,
02M475,2024,2,512,,,,,EES82QFC,FJS62,HGS42,MGS22QT,PHS11,PPS82QB,SBS22X,UDS11Q4,ZLUN,ZQT10,,,,,
02M475,2024,2,513,,,,,EES82QFC,FJS62,HGS42,MGS22QT,PHS11,PPS82QB,SBS22X,ZLUN,,,,,,,
02M475,2024,2,514,,,,,EES82QFC,FJS62,HGS42,MGS22QT,PHS11,PPS82QB,SBS22X,ZLUN,ZQFA3,,,,,,
02M475,2024,2,515,,,,,EES82QFC,FJS62,HGS42,MGS22QT,PHS11,PWS82QA,SBS22H,SBS44QLA,ZLUN,ZQFB4,,,,,
02M475,2024,2,516,,,,,EES82QFC,FJS62,HGS42,MGS22QT,PHS11,PWS82QA,SBS22H,SBS44QLA,ZLUN,ZQFB5,,,,,
02M475,2024,2,517,,,,,EES82QFC,FJS62,HGS42,MGS22QT,PHS11,PWS82QA,SBS22X,UDS11Q4,ZLUN,ZQFA3,,,,,
02M475,2024,2,518,,,,,EES82QFC,FJS62,HGS42,MGS22QT,PHS11,PWS82QB,SBS22H,SBS44QLA,UAS11,ZLUN,,,,,
02M475,2024,2,519,,,,,EES82QFC,FJS62,HGS42,MGS22QT,PHS11,PWS82QB,SBS22H,SBS44QLA,ZLUN,ZQFB3,,,,,
02M475,2024,2,520,,,,,EES82QFC,FJS62,HGS42,MGS22QT,PPS82QB,SBS22H,SBS44QLA,UAS11,ZLUN,,,,,,
02M475,2024,2,521,,,,,EES82QFC,FJS62,HGS42,MRS22,PHS11,PPS82QA,SBS22H,SBS44QLA,UDS11Q2,ZLUN,,,,,
02M475,2024,2,522,,,,,EES82QFC,FJS62,HGS42,MRS22,PHS11,PPS82QB,SBS22H,SBS44QLA,UDS11Q2,ZLUN,ZQT10,,,,
02M475,2024,2,523,,,,,EES82QFC,FJS62,HGS42,MRS22,PHS11,PPS82QB,SBS22X,ZLUN,,,,,,,
02M475,2024,2,524,,,,,EES82QFC,FJS62,HGS42,MRS22,PHS11,PPS82QB,SBS22X,ZLUN,,,,,,,
02M475,2024,2,525,,,,,EES82QFC,FJS62,HGS42XHG,MGS22QT,PHS11,PPS82QA,SBS22H,SBS44QLB,UDS11Q8,ZLUN,,,,,
02M475,2024,2,526,,,,,EES82QFC,FJS62,HGS42XHG,MGS22QT,PHS11,PWS82QA,SBS22H,SBS44QLB,UAS11,ZLUN,,,,,
02M475,2024,2,528,,,,,EES82QFC,FLS62QE,HGS42,MCS66C,MQS82QP1,PHS11,PPS82QB,SBS22H,SBS44QLA,ZLUN,,,,,
02M475,2024,2,529,,,,,EES82QFC,FLS62QE,HGS42,MES11,MGS22QT,PHS11,PPS82QB,SBS22H,SBS44QLA,ZLUN,ZQ03,,,,
02M475,2024,2,530,,,,,EES82QFC,FLS62QE,HGS42,MGS22QE,PHS11,PPS82QA,SBS22X,UAS11,ZLUN,ZQ03,,,,,
02M475,2024,2,531,,,,,EES82QFC,FLS62QE,HGS42,MGS22QE,PHS11,PPS82QB,SBS22X,ZLUN,ZQFA8,ZQFB3,,,,,
02M475,2024,2,532,,,,,EES82QFC,FLS62QE,HGS42,MGS22QT,PHS11,PPS82QA,SBS22H,SBS44QLA,ZLUN,ZQFB3,ZQFB6,,,,
02M475,2024,2,533,,,,,EES82QFC,FLS62QE,HGS42,MGS22QT,PHS11,PPS82QA,SBS22H,SBS44QLB,UAS11,ZLUN,ZQT10,,,,
02M475,2024,2,534,,,,,EES82QFC,FLS62QE,HGS42,MGS22QT,PHS11,PPS82QA,SBS22H,SBS44QLB,UDS11Q4,ZLUN,,,,,
02M475,2024,2,535,,,,,EES82QFC,FLS62QE,HGS42,MGS22QT,PHS11,PPS82QA,SBS22H,SBS44QLB,UFS11,ZLUN,ZQ07,,,,
02M475,2024,2,536,,,,,EES82QFC,FLS62QE,HGS42,MGS22QT,PHS11,PPS82QA,SBS22H,SBS44QLB,UZS32,ZLUN,,,,,
02M475,2024,2,537,,,,,EES82QFC,FLS62QE,HGS42,MGS22QT,PHS11,PPS82QA,SBS22H,SBS44QLB,ZLUN,,,,,,
02M475,2024,2,538,,,,,EES82QFC,FLS62QE,HGS42,MGS22QT,PHS11,PPS82QA,SBS22H,SBS44QLB,ZLUN,ZQ03,,,,,
02M475,2024,2,539,,,,,EES82QFC,FLS62QE,HGS42,MGS22QT,PHS11,PPS82QA,SBS22H,SBS44QLB,ZLUN,ZQ03,,,,,
02M475,2024,2,540,,,,,EES82QFC,FLS62QE,HGS42,MGS22QT,PHS11,PPS82QA,SBS22H,SBS44QLB,ZLUN,ZQFB6,,,,,
02M475,2024,2,541,,,,,EES82QFC,FLS62QE,HGS42,MGS22QT,PHS11,PPS82QA,SBS22X,UAS11,ZLUN,,,,,,
02M475,2024,2,542,,,,,EES82QFC,FLS62QE,HGS42,MGS22QT,PHS11,PPS82QA,SBS22X,UZS32,ZLUN,,,,,,
02M475,2024,2,543,,,,,EES82QFC,FLS62QE,HGS42,MGS22QT,PHS11,PPS82QA,SBS22X,ZLUN,,,,,,,
02M475,2024,2,544,,,,,EES82QFC,FLS62QE,HGS42,MGS22QT,PHS11,PPS82QA,SBS22X,ZLUN,ZQFB5,ZQFB6,,,,,
02M475,2024,2,545,,,,,EES82QFC,FLS62QE,HGS42,MGS22QT,PHS11,PPS82QB,SBS22H,SBS44QLA,UMS11,ZLUN,ZQT10,,,,
02M475,2024,2,546,,,,,EES82QFC,FLS62QE,HGS42,MGS22QT,PHS11,PPS82QB,SBS22H,SBS44QLA,ZLUN,,,,,,
02M475,2024,2,547,,,,,EES82QFC,FLS62QE,HGS42,MGS22QT,PHS11,PPS82QB,SBS22H,SBS44QLA,ZLUN,,,,,,
02M475,2024,2,548,,,,,EES82QFC,FLS62QE,HGS42,MGS22QT,PHS11,PPS82QB,SBS22H,SBS44QLB,UAS11,ZLUN,ZQFA8,,,,
02M475,2024,2,549,,,,,EES82QFC,FLS62QE,HGS42,MGS22QT,PHS11,PPS82QB,SBS22H,SBS44QLB,ZLUN,ZQFA3,ZQT10,,,,
02M475,2024,2,550,,,,,EES82QFC,FLS62QE,HGS42,MGS22QT,PHS11,PPS82QB,SBS22X,UAS11,ZLUN,,,,,,
02M475,2024,2,551,,,,,EES82QFC,FLS62QE,HGS42,MGS22QT,PHS11,PPS82QB,SBS22X,UFS11,ZLUN,,,,,,
02M475,2024,2,552,,,,,EES82QFC,FLS62QE,HGS42,MGS22QT,PHS11,PPS82QB,SBS22X,ZLUN,ZQFA3,,,,,,
02M475,2024,2,553,,,,,EES82QFC,FLS62QE,HGS42,MGS22QT,PHS11,PWS82QA,SBS22H,SBS44QLA,ZLUN,ZQ03,,,,,
02M475,2024,2,554,,,,,EES82QFC,FLS62QE,HGS42,MGS22QT,PHS11,PWS82QA,SBS22H,SBS44QLA,ZLUN,ZQFB6,,,,,
02M475,2024,2,555,,,,,EES82QFC,FLS62QE,HGS42,MGS22QT,PHS11,PWS82QA,SBS22H,SBS44QLB,ZLUN,ZQPD1,,,,,
02M475,2024,2,556,,,,,EES82QFC,FLS62QE,HGS42,MGS22QT,PHS11,PWS82QB,SBS22X,ZLUN,,,,,,,
02M475,2024,2,557,,,,,EES82QFC,FLS62QE,HGS42XHG,MGS22QT,PHS11,PPS82QA,SBS22H,SBS44QLB,UAS11,ZLUN,,,,,
02M475,2024,2,558,,,,,EES82QFC,FLS62QE,HGS42XHG,MGS22QT,PHS11,PPS82QA,SBS22H,SBS44QLB,ZLUN,,,,,,
02M475,2024,2,559,,,,,EES82QFC,FMS62QE,HGS42,MES11,MGS22QT,PHS11,PPS82QA,SBS22H,SBS44QLB,ZLUN,,,,,
02M475,2024,2,560,,,,,EES82QFC,FMS62QE,HGS42,MGS22QE,MQS82QP1,PHS11,PPS82QA,SBS22X,ZLUN,ZQFB3,ZQFB7,,,,
02M475,2024,2,561,,,,,EES82QFC,FMS62QE,HGS42,MGS22QE,MQS82QP1,PHS11,PWS82QA,SBS22X,UZS32,ZLUN,,,,,
02M475,2024,2,562,,,,,EES82QFC,FMS62QE,HGS42,MGS22QE,PHS11,PPS82QA,SBS22X,UAS11,ZLUN,,,,,,
02M475,2024,2,563,,,,,EES82QFC,FMS62QE,HGS42,MGS22QE,PHS11,PPS82QA,SBS22X,UJS11,ZLUN,,,,,,
02M475,2024,2,564,,,,,EES82QFC,FMS62QE,HGS42,MGS22QE,PHS11,PPS82QA,SBS22X,UYS11,ZLUN,,,,,,
02M475,2024,2,565,,,,,EES82QFC,FMS62QE,HGS42,MGS22QE,PHS11,PPS82QB,SBS22H,SBS44QLA,UAS11,ZLUN,ZQFA5,,,,
02M475,2024,2,566,,,,,EES82QFC,FMS62QE,HGS42,MGS22QE,PHS11,PPS82QB,SBS22H,SBS44QLB,UAS11,ZLUN,,,,,
02M475,2024,2,567,,,,,EES82QFC,FMS62QE,HGS42,MGS22QE,PHS11,PPS82QB,SBS22X,UAS11,ZLUN,ZQT10,,,,,
02M475,2024,2,568,,,,,EES82QFC,FMS62QE,HGS42,MGS22QE,PHS11,PPS82QB,SBS22X,ZLUN,,,,,,,
02M475,2024,2,569,,,,,EES82QFC,FMS62QE,HGS42,MGS22QE,PHS11,PPS82QB,SBS22X,ZLUN,ZQFA3,ZQFA8,,,,,
02M475,2024,2,570,,,,,EES82QFC,FMS62QE,HGS42,MGS22QE,PHS11,PWS82QA,SBS22H,SBS44QLA,UDS11Q3,ZLUN,,,,,
02M475,2024,2,571,,,,,EES82QFC,FMS62QE,HGS42,MGS22QE,PHS11,PWS82QA,SBS22H,SBS44QLA,ZLUN,ZQ03,ZQFB6,,,,
02M475,2024,2,572,,,,,EES82QFC,FMS62QE,HGS42,MGS22QE,PHS11,PWS82QA,SBS22H,SBS44QLA,ZLUN,ZQ08,ZQFB3,,,,
02M475,2024,2,573,,,,,EES82QFC,FMS62QE,HGS42,MGS22QE,PHS11,PWS82QA,SBS22X,ZLUN,ZQFA3,,,,,,
02M475,2024,2,574,,,,,EES82QFC,FMS62QE,HGS42,MGS22QE,PHS11,PWS82QB,SBS22X,UZS32,ZLUN,,,,,,
02M475,2024,2,575,,,,,EES82QFC,FMS62QE,HGS42,MGS22QT,PHS11,PPS82QA,SBS22H,SBS44QLA,UZS32,ZLUN,ZQFB7,,,,
02M475,2024,2,576,,,,,EES82QFC,FMS62QE,HGS42,MGS22QT,PHS11,PPS82QA,SBS22H,SBS44QLA,ZLUN,ZQFB6,ZQPD1,,,,
02M475,2024,2,577,,,,,EES82QFC,FMS62QE,HGS42,MGS22QT,PHS11,PPS82QA,SBS22H,SBS44QLB,UAS11,ZLUN,,,,,
02M475,2024,2,578,,,,,EES82QFC,FMS62QE,HGS42,MGS22QT,PHS11,PPS82QA,SBS22H,SBS44QLB,UAS11,ZLUN,,,,,
02M475,2024,2,579,,,,,EES82QFC,FMS62QE,HGS42,MGS22QT,PHS11,PPS82QA,SBS22H,SBS44QLB,UAS11,ZLUN,,,,,
02M475,2024,2,580,,,,,EES82QFC,FMS62QE,HGS42,MGS22QT,PHS11,PPS82QA,SBS22H,SBS44QLB,UAS11,ZLUN,,,,,
02M475,2024,2,581,,,,,EES82QFC,FMS62QE,HGS42,MGS22QT,PHS11,PPS82QA,SBS22H,SBS44QLB,UDS11Q4,ZLUN,ZQT10,,,,
02M475,2024,2,582,,,,,EES82QFC,FMS62QE,HGS42,MGS22QT,PHS11,PPS82QA,SBS22H,SBS44QLB,UDS11Q8,ZLUN,,,,,
02M475,2024,2,583,,,,,EES82QFC,FMS62QE,HGS42,MGS22QT,PHS11,PPS82QA,SBS22H,SBS44QLB,UDS11Q8,ZLUN,ZQT10,,,,
02M475,2024,2,584,,,,,EES82QFC,FMS62QE,HGS42,MGS22QT,PHS11,PPS82QA,SBS22H,SBS44QLB,UFS11,ZLUN,ZQFA8,ZQFB5,,,
02M475,2024,2,585,,,,,EES82QFC,FMS62QE,HGS42,MGS22QT,PHS11,PPS82QA,SBS22H,SBS44QLB,UZS32,ZLUN,,,,,
02M475,2024,2,586,,,,,EES82QFC,FMS62QE,HGS42,MGS22QT,PHS11,PPS82QA,SBS22H,SBS44QLB,ZLUN,,,,,,
02M475,2024,2,587,,,,,EES82QFC,FMS62QE,HGS42,MGS22QT,PHS11,PPS82QA,SBS22H,SBS44QLB,ZLUN,,,,,,
02M475,2024,2,588,,,,,EES82QFC,FMS62QE,HGS42,MGS22QT,PHS11,PPS82QA,SBS22H,SBS44QLB,ZLUN,,,,,,
02M475,2024,2,589,,,,,EES82QFC,FMS62QE,HGS42,MGS22QT,PHS11,PPS82QA,SBS22H,SBS44QLB,ZLUN,,,,,,
02M475,2024,2,590,,,,,EES82QFC,FMS62QE,HGS42,MGS22QT,PHS11,PPS82QA,SBS22H,SBS44QLB,ZLUN,ZQFA3,,,,,
02M475,2024,2,591,,,,,EES82QFC,FMS62QE,HGS42,MGS22QT,PHS11,PPS82QA,SBS22H,SBS44QLB,ZLUN,ZQFB4,,,,,
02M475,2024,2,592,,,,,EES82QFC,FMS62QE,HGS42,MGS22QT,PHS11,PPS82QA,SBS22H,SBS44QLB,ZLUN,ZQT10,,,,,
02M475,2024,2,593,,,,,EES82QFC,FMS62QE,HGS42,MGS22QT,PHS11,PPS82QA,SBS22X,UAS11,ZLUN,,,,,,
02M475,2024,2,594,,,,,EES82QFC,FMS62QE,HGS42,MGS22QT,PHS11,PPS82QA,SBS22X,UFS11,ZLUN,,,,,,
02M475,2024,2,595,,,,,EES82QFC,FMS62QE,HGS42,MGS22QT,PHS11,PPS82QA,SBS22X,UFS11,ZLUN,ZQFB3,,,,,
02M475,2024,2,596,,,,,EES82QFC,FMS62QE,HGS42,MGS22QT,PHS11,PPS82QA,SBS22X,ZLUN,,,,,,,
02M475,2024,2,597,,,,,EES82QFC,FMS62QE,HGS42,MGS22QT,PHS11,PPS82QA,SBS22X,ZLUN,,,,,,,
02M475,2024,2,598,,,,,EES82QFC,FMS62QE,HGS42,MGS22QT,PHS11,PPS82QA,SBS22X,ZLUN,,,,,,,
02M475,2024,2,599,,,,,EES82QFC,FMS62QE,HGS42,MGS22QT,PHS11,PPS82QA,SBS22X,ZLUN,,,,,,,
02M475,2024,2,600,,,,,EES82QFC,FMS62QE,HGS42,MGS22QT,PHS11,PPS82QA,SBS22X,ZLUN,ZQFA3,,,,,,
02M475,2024,2,601,,,,,EES82QFC,FMS62QE,HGS42,MGS22QT,PHS11,PPS82QA,SBS22X,ZLUN,ZQFB5,ZQT10,,,,,
02M475,2024,2,602,,,,,EES82QFC,FMS62QE,HGS42,MGS22QT,PHS11,PPS82QB,SBS22H,SBS44QLA,UDS11Q8,ZLUN,,,,,
02M475,2024,2,603,,,,,EES82QFC,FMS62QE,HGS42,MGS22QT,PHS11,PPS82QB,SBS22H,SBS44QLA,ZLUN,,,,,,
02M475,2024,2,604,,,,,EES82QFC,FMS62QE,HGS42,MGS22QT,PHS11,PPS82QB,SBS22H,SBS44QLA,ZLUN,,,,,,
02M475,2024,2,605,,,,,EES82QFC,FMS62QE,HGS42,MGS22QT,PHS11,PPS82QB,SBS22H,SBS44QLA,ZLUN,,,,,,
02M475,2024,2,606,,,,,EES82QFC,FMS62QE,HGS42,MGS22QT,PHS11,PPS82QB,SBS22H,SBS44QLA,ZLUN,,,,,,
02M475,2024,2,607,,,,,EES82QFC,FMS62QE,HGS42,MGS22QT,PHS11,PPS82QB,SBS22H,SBS44QLA,ZLUN,,,,,,
02M475,2024,2,608,,,,,EES82QFC,FMS62QE,HGS42,MGS22QT,PHS11,PPS82QB,SBS22H,SBS44QLA,ZLUN,,,,,,
02M475,2024,2,609,,,,,EES82QFC,FMS62QE,HGS42,MGS22QT,PHS11,PPS82QB,SBS22H,SBS44QLA,ZLUN,,,,,,
02M475,2024,2,610,,,,,EES82QFC,FMS62QE,HGS42,MGS22QT,PHS11,PPS82QB,SBS22H,SBS44QLA,ZLUN,,,,,,
02M475,2024,2,611,,,,,EES82QFC,FMS62QE,HGS42,MGS22QT,PHS11,PPS82QB,SBS22H,SBS44QLA,ZLUN,,,,,,
02M475,2024,2,612,,,,,EES82QFC,FMS62QE,HGS42,MGS22QT,PHS11,PPS82QB,SBS22H,SBS44QLA,ZLUN,,,,,,
02M475,2024,2,613,,,,,EES82QFC,FMS62QE,HGS42,MGS22QT,PHS11,PPS82QB,SBS22H,SBS44QLA,ZLUN,,,,,,
02M475,2024,2,614,,,,,EES82QFC,FMS62QE,HGS42,MGS22QT,PHS11,PPS82QB,SBS22H,SBS44QLA,ZLUN,ZQ03,,,,,
02M475,2024,2,615,,,,,EES82QFC,FMS62QE,HGS42,MGS22QT,PHS11,PPS82QB,SBS22H,SBS44QLA,ZLUN,ZQFA5,ZQFB7,,,,
02M475,2024,2,616,,,,,EES82QFC,FMS62QE,HGS42,MGS22QT,PHS11,PPS82QB,SBS22H,SBS44QLA,ZLUN,ZQFB3,,,,,
02M475,2024,2,617,,,,,EES82QFC,FMS62QE,HGS42,MGS22QT,PHS11,PPS82QB,SBS22H,SBS44QLB,UAS11,ZLUN,,,,,
02M475,2024,2,618,,,,,EES82QFC,FMS62QE,HGS42,MGS22QT,PHS11,PPS82QB,SBS22X,UAS11,ZLUN,,,,,,
02M475,2024,2,619,,,,,EES82QFC,FMS62QE,HGS42,MGS22QT,PHS11,PPS82QB,SBS22X,UFS11,ZLUN,,,,,,
02M475,2024,2,620,,,,,EES82QFC,FMS62QE,HGS42,MGS22QT,PHS11,PPS82QB,SBS22X,UZS32,ZLUN,,,,,,
02M475,2024,2,621,,,,,EES82QFC,FMS62QE,HGS42,MGS22QT,PHS11,PPS82QB,SBS22X,ZLUN,,,,,,,
02M475,2024,2,622,,,,,EES82QFC,FMS62QE,HGS42,MGS22QT,PHS11,PPS82QB,SBS22X,ZLUN,,,,,,,
02M475,2024,2,623,,,,,EES82QFC,FMS62QE,HGS42,MGS22QT,PHS11,PPS82QB,SBS22X,ZLUN,,,,,,,
02M475,2024,2,624,,,,,EES82QFC,FMS62QE,HGS42,MGS22QT,PHS11,PPS82QB,SBS22X,ZLUN,ZQ07,,,,,,
02M475,2024,2,625,,,,,EES82QFC,FMS62QE,HGS42,MGS22QT,PHS11,PPS82QB,SBS22X,ZLUN,ZQFA3,,,,,,
02M475,2024,2,626,,,,,EES82QFC,FMS62QE,HGS42,MGS22QT,PHS11,PPS82QB,SBS22X,ZLUN,ZQFA5,ZQFB7,,,,,
02M475,2024,2,627,,,,,EES82QFC,FMS62QE,HGS42,MGS22QT,PHS11,PPS82QB,SBS22X,ZLUN,ZQFA6,ZQFA8,,,,,
02M475,2024,2,628,,,,,EES82QFC,FMS62QE,HGS42,MGS22QT,PHS11,PPS82QB,SBS22X,ZLUN,ZQFB3,ZQT10,,,,,
02M475,2024,2,629,,,,,EES82QFC,FMS62QE,HGS42,MGS22QT,PHS11,PPS82QB,SBS22X,ZLUN,ZQT10,,,,,,
02M475,2024,2,630,,,,,EES82QFC,FMS62QE,HGS42,MGS22QT,PHS11,PWS82QA,SBS22H,SBS44QLA,UAS11,ZLUN,,,,,
02M475,2024,2,631,,,,,EES82QFC,FMS62QE,HGS42,MGS22QT,PHS11,PWS82QA,SBS22H,SBS44QLA,ZLUN,ZQ08,ZQFB6,,,,
02M475,2024,2,632,,,,,EES82QFC,FMS62QE,HGS42,MGS22QT,PHS11,PWS82QA,SBS22H,SBS44QLA,ZLUN,ZQFB5,,,,,
02M475,2024,2,633,,,,,EES82QFC,FMS62QE,HGS42,MGS22QT,PHS11,PWS82QA,SBS22H,SBS44QLA,ZLUN,ZQFB6,,,,,
02M475,2024,2,634,,,,,EES82QFC,FMS62QE,HGS42,MGS22QT,PHS11,PWS82QA,SBS22H,SBS44QLA,ZLUN,ZQFB6,,,,,
02M475,2024,2,635,,,,,EES82QFC,FMS62QE,HGS42,MGS22QT,PHS11,PWS82QA,SBS22H,SBS44QLB,UAS11,ZLUN,,,,,
02M475,2024,2,636,,,,,EES82QFC,FMS62QE,HGS42,MGS22QT,PHS11,PWS82QA,SBS22H,SBS44QLB,UDS11Q8,ZLUN,,,,,
02M475,2024,2,637,,,,,EES82QFC,FMS62QE,HGS42,MGS22QT,PHS11,PWS82QA,SBS22H,SBS44QLB,ZLUN,,,,,,
02M475,2024,2,638,,,,,EES82QFC,FMS62QE,HGS42,MGS22QT,PHS11,PWS82QA,SBS22H,SBS44QLB,ZLUN,ZQFA3,ZQPD1,,,,
02M475,2024,2,639,,,,,EES82QFC,FMS62QE,HGS42,MGS22QT,PHS11,PWS82QA,SBS22X,ZLUN,ZQFA3,,,,,,
02M475,2024,2,640,,,,,EES82QFC,FMS62QE,HGS42,MGS22QT,PHS11,PWS82QA,SBS22X,ZLUN,ZQFB3,,,,,,
02M475,2024,2,641,,,,,EES82QFC,FMS62QE,HGS42,MGS22QT,PHS11,PWS82QB,SBS22H,SBS44QLA,UAS11,ZLUN,,,,,
02M475,2024,2,642,,,,,EES82QFC,FMS62QE,HGS42,MGS22QT,PHS11,PWS82QB,SBS22H,SBS44QLA,UAS11,ZLUN,ZQT10,,,,
02M475,2024,2,643,,,,,EES82QFC,FMS62QE,HGS42,MGS22QT,PHS11,PWS82QB,SBS22H,SBS44QLA,UZS32,ZLUN,,,,,
02M475,2024,2,644,,,,,EES82QFC,FMS62QE,HGS42,MGS22QT,PHS11,PWS82QB,SBS22H,SBS44QLA,ZLUN,,,,,,
02M475,2024,2,645,,,,,EES82QFC,FMS62QE,HGS42,MGS22QT,PHS11,PWS82QB,SBS22H,SBS44QLA,ZLUN,,,,,,
02M475,2024,2,646,,,,,EES82QFC,FMS62QE,HGS42,MGS22QT,PHS11,PWS82QB,SBS22H,SBS44QLA,ZLUN,,,,,,
02M475,2024,2,647,,,,,EES82QFC,FMS62QE,HGS42,MGS22QT,PHS11,PWS82QB,SBS22H,SBS44QLA,ZLUN,ZQFA3,ZQFB7,,,,
02M475,2024,2,648,,,,,EES82QFC,FMS62QE,HGS42,MGS22QT,PHS11,PWS82QB,SBS22H,SBS44QLA,ZLUN,ZQFB4,,,,,
02M475,2024,2,649,,,,,EES82QFC,FMS62QE,HGS42,MGS22QT,PHS11,PWS82QB,SBS22H,SBS44QLA,ZLUN,ZQPD1,,,,,
02M475,2024,2,650,,,,,EES82QFC,FMS62QE,HGS42,MGS22QT,PHS11,PWS82QB,SBS22H,SBS44QLB,ZLUN,,,,,,
02M475,2024,2,651,,,,,EES82QFC,FMS62QE,HGS42,MGS22QT,PHS11,PWS82QB,SBS22X,UAS11,ZLUN,,,,,,
02M475,2024,2,652,,,,,EES82QFC,FMS62QE,HGS42,MGS22QT,PHS11,PWS82QB,SBS22X,ZLUN,,,,,,,
02M475,2024,2,653,,,,,EES82QFC,FMS62QE,HGS42,MQS82QP1,MRS22H,PHS11,PPS82QB,SBS22X,ZLUN,,,,,,
02M475,2024,2,654,,,,,EES82QFC,FMS62QE,HGS42,MRS22,PHS11,PWS82QB,SBS22H,SBS44QLB,ZLUN,ZQFA3,ZQFA7,,,,
02M475,2024,2,655,,,,,EES82QFC,FMS62QE,HGS42,MRS22H,PHS11,PPS82QA,SBS22H,SBS44QLB,UMS11,ZLUN,ZQT10,,,,
02M475,2024,2,656,,,,,EES82QFC,FMS62QE,HGS42XHG,MGS22QT,PHS11,PPS82QA,SBS22H,SBS44QLA,ZLUN,,,,,,
02M475,2024,2,657,,,,,EES82QFC,FMS62QE,HGS42XHG,MGS22QT,PHS11,PPS82QA,SBS22H,SBS44QLB,ZLUN,,,,,,
02M475,2024,2,658,,,,,EES82QFC,FMS62QE,HGS42XHG,MGS22QT,PHS11,PPS82QA,SBS22H,SBS44QLB,ZLUN,,,,,,
02M475,2024,2,659,,,,,EES82QFC,FMS62QE,HGS42XHG,MGS22QT,PHS11,PPS82QA,SBS22H,SBS44QLB,ZLUN,,,,,,
02M475,2024,2,660,,,,,EES82QFC,FMS62QE,HGS42XHG,MGS22QT,PHS11,PPS82QA,SBS22H,SBS44QLB,ZLUN,,,,,,
02M475,2024,2,661,,,,,EES82QFC,FMS62QE,HGS42XHG,MGS22QT,PHS11,PPS82QA,SBS22H,SBS44QLB,ZLUN,ZQFA3,,,,,
02M475,2024,2,662,,,,,EES82QFC,FMS62QE,HGS42XHG,MGS22QT,PHS11,PPS82QA,SBS22H,SBS44QLB,ZLUN,ZQFA8,ZQFB5,,,,
02M475,2024,2,663,,,,,EES82QFC,FMS62QE,HGS42XHG,MGS22QT,PHS11,PPS82QA,SBS22X,ZLUN,,,,,,,
02M475,2024,2,664,,,,,EES82QFC,FMS62QE,HGS42XHG,MGS22QT,PHS11,PPS82QB,SBS22H,SBS44QLA,ZLUN,,,,,,
02M475,2024,2,665,,,,,EES82QFC,FMS62QE,HGS42XHG,MGS22QT,PHS11,PPS82QB,SBS22H,SBS44QLA,ZLUN,ZQT10,,,,,
02M475,2024,2,666,,,,,EES82QFC,FMS62QE,HGS42XHG,MRS22,PHS11,PPS82QB,SBS22H,SBS44QLA,UAS11,ZLUN,,,,,
02M475,2024,2,667,,,,,EES82QFC,FMS62QE,HGS42XHG,MRS22,PHS11,PWS82QB,SBS22H,SBS44QLB,ZLUN,ZQFA3,ZQFA7,,,,
02M475,2024,2,668,,,,,EES82QFC,FMS64,HGS42,MGS22QE,MQS82QP1,PHS11,PPS82QB,SBS22X,ZLUN,,,,,,
02M475,2024,2,669,,,,,EES82QFC,FMS64,HGS42,MGS22QE,PHS11,PPS82QB,SBS22X,UZS32,ZLUN,ZQ03,,,,,
02M475,2024,2,670,,,,,EES82QFC,FMS64,HGS42,MGS22QT,PHS11,PPS82QA,SBS22H,SBS44QLB,UZS32,ZLUN,,,,,
02M475,2024,2,671,,,,,EES82QFC,FMS64,HGS42,MGS22QT,PHS11,PWS82QA,SBS22H,SBS44QLA,UAS11,ZLUN,,,,,
02M475,2024,2,672,,,,,EES82QFC,FSS62QE,HGS42,MES11,MGS22QT,PHS11,PPS82QA,SBS22H,SBS44QLB,ZLUN,ZQ01,,,,
02M475,2024,2,673,,,,,EES82QFC,FSS62QE,HGS42,MES11,MGS22QT,PHS11,PPS82QB,SBS22H,SBS44QLA,ZLUN,ZQPD1,,,,
02M475,2024,2,674,,,,,EES82QFC,FSS62QE,HGS42,MES11,MGS22QT,PHS11,PPS82QB,SBS22H,SBS44QLA,ZLUN,ZQPD1,,,,
02M475,2024,2,675,,,,,EES82QFC,FSS62QE,HGS42,MES11,MGS22QT,PHS11,PWS82QA,SBS22H,SBS44QLB,ZLUN,,,,,
02M475,2024,2,676,,,,,EES82QFC,FSS62QE,HGS42,MGS22QE,MQS82QP1,PHS11,PPS82QB,SBS22X,UDS11Q2,ZLUN,,,,,
02M475,2024,2,677,,,,,EES82QFC,FSS62QE,HGS42,MGS22QE,MQS82QP1,PHS11,PPS82QB,SBS22X,ZLUN,,,,,,
02M475,2024,2,678,,,,,EES82QFC,FSS62QE,HGS42,MGS22QE,MQS82QP1,PHS11,PWS82QB,SBS22H,SBS44QLB,ZLUN,ZQFA8,,,,
02M475,2024,2,679,,,,,EES82QFC,FSS62QE,HGS42,MGS22QE,PHS11,PPS82QA,SBS22H,SBS44QLB,ZLUN,,,,,,
02M475,2024,2,680,,,,,EES82QFC,FSS62QE,HGS42,MGS22QE,PHS11,PPS82QA,SBS22H,SBS44QLB,ZLUN,,,,,,
02M475,2024,2,681,,,,,EES82QFC,FSS62QE,HGS42,MGS22QE,PHS11,PPS82QB,SBS22X,UAS11,ZLUN,ZQ03,,,,,
02M475,2024,2,682,,,,,EES82QFC,FSS62QE,HGS42,MGS22QE,PHS11,PPS82QB,SBS22X,ZLUN,ZQ07,,,,,,
02M475,2024,2,683,,,,,EES82QFC,FSS62QE,HGS42,MGS22QE,PHS11,PPS82QB,SBS22X,ZLUN,ZQFA6,ZQFA8,ZQT10,,,,
02M475,2024,2,684,,,,,EES82QFC,FSS62QE,HGS42,MGS22QE,PHS11,PWS82QB,SBS22H,SBS44QLA,UDS11Q2,ZLUN,ZQT10,,,,
02M475,2024,2,685,,,,,EES82QFC,FSS62QE,HGS42,MGS22QE,PHS11,PWS82QB,SBS22X,ZLUN,ZQT10,,,,,,
02M475,2024,2,686,,,,,EES82QFC,FSS62QE,HGS42,MGS22QT,PHS11,PPS82QA,SBS22H,SBS44QLA,UQS11,ZLUN,ZQFB4,,,,
02M475,2024,2,687,,,,,EES82QFC,FSS62QE,HGS42,MGS22QT,PHS11,PPS82QA,SBS22H,SBS44QLA,ZLUN,ZQFB3,ZQFB7,,,,
02M475,2024,2,688,,,,,EES82QFC,FSS62QE,HGS42,MGS22QT,PHS11,PPS82QA,SBS22H,SBS44QLA,ZLUN,ZQFB3,ZQT10,,,,
02M475,2024,2,689,,,,,EES82QFC,FSS62QE,HGS42,MGS22QT,PHS11,PPS82QA,SBS22H,SBS44QLA,ZLUN,ZQFB4,ZQFB6,,,,
02M475,2024,2,690,,,,,EES82QFC,FSS62QE,HGS42,MGS22QT,PHS11,PPS82QA,SBS22H,SBS44QLB,UAS11,ZLUN,,,,,
02M475,2024,2,691,,,,,EES82QFC,FSS62QE,HGS42,MGS22QT,PHS11,PPS82QA,SBS22H,SBS44QLB,UAS11,ZLUN,,,,,
02M475,2024,2,692,,,,,EES82QFC,FSS62QE,HGS42,MGS22QT,PHS11,PPS82QA,SBS22H,SBS44QLB,UAS11,ZLUN,ZQ01,,,,
02M475,2024,2,693,,,,,EES82QFC,FSS62QE,HGS42,MGS22QT,PHS11,PPS82QA,SBS22H,SBS44QLB,UFS11,ZLUN,,,,,
02M475,2024,2,694,,,,,EES82QFC,FSS62QE,HGS42,MGS22QT,PHS11,PPS82QA,SBS22H,SBS44QLB,ZLUN,,,,,,
02M475,2024,2,695,,,,,EES82QFC,FSS62QE,HGS42,MGS22QT,PHS11,PPS82QA,SBS22H,SBS44QLB,ZLUN,,,,,,
02M475,2024,2,696,,,,,EES82QFC,FSS62QE,HGS42,MGS22QT,PHS11,PPS82QA,SBS22H,SBS44QLB,ZLUN,,,,,,
02M475,2024,2,697,,,,,EES82QFC,FSS62QE,HGS42,MGS22QT,PHS11,PPS82QA,SBS22H,SBS44QLB,ZLUN,,,,,,
02M475,2024,2,698,,,,,EES82QFC,FSS62QE,HGS42,MGS22QT,PHS11,PPS82QA,SBS22H,SBS44QLB,ZLUN,,,,,,
02M475,2024,2,699,,,,,EES82QFC,FSS62QE,HGS42,MGS22QT,PHS11,PPS82QA,SBS22H,SBS44QLB,ZLUN,ZQ03,,,,,
02M475,2024,2,700,,,,,EES82QFC,FSS62QE,HGS42,MGS22QT,PHS11,PPS82QA,SBS22H,SBS44QLB,ZLUN,ZQFA7,,,,,
02M475,2024,2,701,,,,,EES82QFC,FSS62QE,HGS42,MGS22QT,PHS11,PPS82QA,SBS22H,SBS44QLB,ZLUN,ZQFA7,ZQFB3,,,,
02M475,2024,2,702,,,,,EES82QFC,FSS62QE,HGS42,MGS22QT,PHS11,PPS82QA,SBS22H,SBS44QLB,ZLUN,ZQPD1,,,,,
02M475,2024,2,703,,,,,EES82QFC,FSS62QE,HGS42,MGS22QT,PHS11,PPS82QA,SBS22X,UFS11,ZLUN,,,,,,
02M475,2024,2,704,,,,,EES82QFC,FSS62QE,HGS42,MGS22QT,PHS11,PPS82QA,SBS22X,ZLUN,,,,,,,
02M475,2024,2,705,,,,,EES82QFC,FSS62QE,HGS42,MGS22QT,PHS11,PPS82QA,SBS22X,ZLUN,,,,,,,
02M475,2024,2,706,,,,,EES82QFC,FSS62QE,HGS42,MGS22QT,PHS11,PPS82QA,SBS22X,ZLUN,ZQ03,,,,,,
02M475,2024,2,707,,,,,EES82QFC,FSS62QE,HGS42,MGS22QT,PHS11,PPS82QA,SBS22X,ZLUN,ZQ03,,,,,,
02M475,2024,2,708,,,,,EES82QFC,FSS62QE,HGS42,MGS22QT,PHS11,PPS82QA,SBS22X,ZLUN,ZQ03,,,,,,
02M475,2024,2,709,,,,,EES82QFC,FSS62QE,HGS42,MGS22QT,PHS11,PPS82QB,SBS22H,SBS44QLA,UAS11,ZLUN,,,,,
02M475,2024,2,710,,,,,EES82QFC,FSS62QE,HGS42,MGS22QT,PHS11,PPS82QB,SBS22H,SBS44QLA,UAS11,ZLUN,,,,,
02M475,2024,2,711,,,,,EES82QFC,FSS62QE,HGS42,MGS22QT,PHS11,PPS82QB,SBS22H,SBS44QLA,UAS11,ZLUN,,,,,
02M475,2024,2,712,,,,,EES82QFC,FSS62QE,HGS42,MGS22QT,PHS11,PPS82QB,SBS22H,SBS44QLA,ZLUN,,,,,,
02M475,2024,2,713,,,,,EES82QFC,FSS62QE,HGS42,MGS22QT,PHS11,PPS82QB,SBS22H,SBS44QLA,ZLUN,,,,,,
02M475,2024,2,714,,,,,EES82QFC,FSS62QE,HGS42,MGS22QT,PHS11,PPS82QB,SBS22H,SBS44QLA,ZLUN,,,,,,
02M475,2024,2,715,,,,,EES82QFC,FSS62QE,HGS42,MGS22QT,PHS11,PPS82QB,SBS22H,SBS44QLA,ZLUN,,,,,,
02M475,2024,2,716,,,,,EES82QFC,FSS62QE,HGS42,MGS22QT,PHS11,PPS82QB,SBS22H,SBS44QLA,ZLUN,,,,,,
02M475,2024,2,717,,,,,EES82QFC,FSS62QE,HGS42,MGS22QT,PHS11,PPS82QB,SBS22H,SBS44QLA,ZLUN,,,,,,
02M475,2024,2,718,,,,,EES82QFC,FSS62QE,HGS42,MGS22QT,PHS11,PPS82QB,SBS22H,SBS44QLA,ZLUN,,,,,,
02M475,2024,2,719,,,,,EES82QFC,FSS62QE,HGS42,MGS22QT,PHS11,PPS82QB,SBS22H,SBS44QLA,ZLUN,ZQPD1,,,,,
02M475,2024,2,720,,,,,EES82QFC,FSS62QE,HGS42,MGS22QT,PHS11,PPS82QB,SBS22H,SBS44QLA,ZLUN,ZQPD1,,,,,
02M475,2024,2,721,,,,,EES82QFC,FSS62QE,HGS42,MGS22QT,PHS11,PPS82QB,SBS22H,SBS44QLA,ZLUN,ZQPD1,,,,,
02M475,2024,2,722,,,,,EES82QFC,FSS62QE,HGS42,MGS22QT,PHS11,PPS82QB,SBS22H,SBS44QLB,UAS11,ZLUN,ZQFA8,,,,
02M475,2024,2,723,,,,,EES82QFC,FSS62QE,HGS42,MGS22QT,PHS11,PPS82QB,SBS22H,SBS44QLB,ZLUN,ZQ06,,,,,
02M475,2024,2,724,,,,,EES82QFC,FSS62QE,HGS42,MGS22QT,PHS11,PPS82QB,SBS22X,UZS32,ZLUN,,,,,,
02M475,2024,2,725,,,,,EES82QFC,FSS62QE,HGS42,MGS22QT,PHS11,PPS82QB,SBS22X,ZLUN,,,,,,,
02M475,2024,2,726,,,,,EES82QFC,FSS62QE,HGS42,MGS22QT,PHS11,PPS82QB,SBS22X,ZLUN,,,,,,,
02M475,2024,2,727,,,,,EES82QFC,FSS62QE,HGS42,MGS22QT,PHS11,PPS82QB,SBS22X,ZLUN,,,,,,,
02M475,2024,2,728,,,,,EES82QFC,FSS62QE,HGS42,MGS22QT,PHS11,PPS82QB,SBS22X,ZLUN,ZQ03,,,,,,
02M475,2024,2,729,,,,,EES82QFC,FSS62QE,HGS42,MGS22QT,PHS11,PPS82QB,SBS22X,ZLUN,ZQ07,ZQFA8,,,,,
02M475,2024,2,730,,,,,EES82QFC,FSS62QE,HGS42,MGS22QT,PHS11,PPS82QB,SBS22X,ZLUN,ZQFA5,,,,,,
02M475,2024,2,731,,,,,EES82QFC,FSS62QE,HGS42,MGS22QT,PHS11,PPS82QB,SBS22X,ZLUN,ZQPD1,,,,,,
02M475,2024,2,732,,,,,EES82QFC,FSS62QE,HGS42,MGS22QT,PHS11,PPS82QB,SBS22X,ZLUN,ZQT10,,,,,,
02M475,2024,2,733,,,,,EES82QFC,FSS62QE,HGS42,MGS22QT,PHS11,PWS82QA,SBS22H,SBS44QLA,ZLUN,ZQFB3,,,,,
02M475,2024,2,734,,,,,EES82QFC,FSS62QE,HGS42,MGS22QT,PHS11,PWS82QA,SBS22H,SBS44QLA,ZLUN,ZQFB5,ZQFB6,,,,
02M475,2024,2,735,,,,,EES82QFC,FSS62QE,HGS42,MGS22QT,PHS11,PWS82QA,SBS22H,SBS44QLA,ZLUN,ZQFB6,,,,,
02M475,2024,2,736,,,,,EES82QFC,FSS62QE,HGS42,MGS22QT,PHS11,PWS82QA,SBS22H,SBS44QLB,UAS11,ZLUN,,,,,
02M475,2024,2,737,,,,,EES82QFC,FSS62QE,HGS42,MGS22QT,PHS11,PWS82QA,SBS22H,SBS44QLB,ZLUN,ZQ03,,,,,
02M475,2024,2,738,,,,,EES82QFC,FSS62QE,HGS42,MGS22QT,PHS11,PWS82QA,SBS22H,SBS44QLB,ZLUN,ZQFA7,,,,,
02M475,2024,2,739,,,,,EES82QFC,FSS62QE,HGS42,MGS22QT,PHS11,PWS82QA,SBS22H,SBS44QLB,ZLUN,ZQFA7,,,,,
02M475,2024,2,740,,,,,EES82QFC,FSS62QE,HGS42,MGS22QT,PHS11,PWS82QA,SBS22H,SBS44QLB,ZLUN,ZQFA8,ZQFB4,,,,
02M475,2024,2,741,,,,,EES82QFC,FSS62QE,HGS42,MGS22QT,PHS11,PWS82QA,SBS22H,SBS44QLB,ZLUN,ZQT10,,,,,
02M475,2024,2,742,,,,,EES82QFC,FSS62QE,HGS42,MGS22QT,PHS11,PWS82QA,SBS22X,UAS11,ZLUN,ZQFA3,,,,,
02M475,2024,2,743,,,,,EES82QFC,FSS62QE,HGS42,MGS22QT,PHS11,PWS82QB,SBS22H,SBS44QLA,ZLUN,,,,,,
02M475,2024,2,744,,,,,EES82QFC,FSS62QE,HGS42,MGS22QT,PHS11,PWS82QB,SBS22H,SBS44QLA,ZLUN,,,,,,
02M475,2024,2,745,,,,,EES82QFC,FSS62QE,HGS42,MGS22QT,PHS11,PWS82QB,SBS22H,SBS44QLA,ZLUN,ZQ05,,,,,
02M475,2024,2,746,,,,,EES82QFC,FSS62QE,HGS42,MGS22QT,PHS11,PWS82QB,SBS22H,SBS44QLA,ZLUN,ZQFA5,ZQFB3,,,,
02M475,2024,2,747,,,,,EES82QFC,FSS62QE,HGS42,MGS22QT,PHS11,PWS82QB,SBS22H,SBS44QLA,ZLUN,ZQFA5,ZQFB7,,,,
02M475,2024,2,748,,,,,EES82QFC,FSS62QE,HGS42,MGS22QT,PHS11,PWS82QB,SBS22H,SBS44QLB,ZLUN,ZQFA6,,,,,
02M475,2024,2,749,,,,,EES82QFC,FSS62QE,HGS42,MGS22QT,PHS11,PWS82QB,SBS22X,UAS11,ZLUN,ZQ03,,,,,
02M475,2024,2,750,,,,,EES82QFC,FSS62QE,HGS42,MGS22QT,PHS11,PWS82QB,SBS22X,UDS11Q8,ZLUN,,,,,,
02M475,2024,2,751,,,,,EES82QFC,FSS62QE,HGS42,MGS22QT,PPS82QA,SBS22H,SBS44QLB,UAS11,ZLUN,,,,,,
02M475,2024,2,752,,,,,EES82QFC,FSS62QE,HGS42,MPS22X,MQS82QP1,PHS11,PPS82QB,SBS22H,SBS44QLA,UZS32,ZLUN,,,,
02M475,2024,2,753,,,,,EES82QFC,FSS62QE,HGS42,MRS22,PHS11,PPS82QA,SBS22H,SBS44QLB,ZLUN,,,,,,
02M475,2024,2,754,,,,,EES82QFC,FSS62QE,HGS42,MRS22,PHS11,PPS82QA,SBS22X,ZLUN,,,,,,,
02M475,2024,2,755,,,,,EES82QFC,FSS62QE,HGS42,MRS22,PHS11,PPS82QB,SBS22X,UFS11,ZLUN,,,,,,
02M475,2024,2,756,,,,,EES82QFC,FSS62QE,HGS42,MRS22,PHS11,PPS82QB,SBS22X,ZLUN,,,,,,,
02M475,2024,2,757,,,,,EES82QFC,FSS62QE,HGS42,MRS22,PHS11,PWS82QB,SBS22H,SBS44QLA,ZLUN,ZQFB6,,,,,
02M475,2024,2,758,,,,,EES82QFC,FSS62QE,HGS42XHG,MGS22QT,PHS11,PPS82QA,SBS22H,SBS44QLB,UAS11,ZLUN,,,,,
02M475,2024,2,759,,,,,EES82QFC,FSS62QE,HGS42XHG,MGS22QT,PHS11,PPS82QA,SBS22H,SBS44QLB,ZLUN,ZQFA8,ZQFB5,ZQPD1,,,
02M475,2024,2,760,,,,,EES82QFC,FSS62QE,HGS42XHG,MGS22QT,PHS11,PPS82QB,SBS22H,SBS44QLA,UAS11,ZLUN,ZQ03,,,,
02M475,2024,2,761,,,,,EES82QFC,FSS62QE,HGS42XHG,MGS22QT,PHS11,PPS82QB,SBS22H,SBS44QLB,ZLUN,ZQFA3,ZQFA8,,,,
02M475,2024,2,762,,,,,EES82QFC,FSS62QE,HGS42XHG,MGS22QT,PHS11,PWS82QB,SBS22H,SBS44QLA,ZLUN,,,,,,
02M475,2024,2,763,,,,,EES82QFC,FSS62QE,HGS42XHG,MGS22QT,PHS11,PWS82QB,SBS22H,SBS44QLB,UZS32,ZLUN,ZQFA7,,,,
02M475,2024,2,764,,,,,EES82QFC,FSS64QE,HGS42,MES11,MGS22QT,PHS11,PPS82QB,SBS22H,SBS44QLA,ZLUN,ZQ03,,,,
02M475,2024,2,765,,,,,EES82QFC,FSS64QE,HGS42,MGS22QE,MQS82QP1,PHS11,PPS82QA,SBS22H,SBS44QLB,ZLUN,ZQT10,,,,
02M475,2024,2,766,,,,,EES82QFC,FSS64QE,HGS42,MGS22QE,MQS82QP1,PHS11,PWS82QA,SBS22X,ZLUN,,,,,,
02M475,2024,2,767,,,,,EES82QFC,FSS64QE,HGS42,MGS22QE,PHS11,PPS82QB,SBS22H,SBS44QLA,UQS11,ZLUN,,,,,
02M475,2024,2,768,,,,,EES82QFC,FSS64QE,HGS42,MGS22QE,PHS11,PPS82QB,SBS22H,SBS44QLA,ZLUN,,,,,,
02M475,2024,2,769,,,,,EES82QFC,FSS64QE,HGS42,MGS22QE,PHS11,PPS82QB,SBS22X,UAS11,ZLUN,,,,,,
02M475,2024,2,770,,,,,EES82QFC,FSS64QE,HGS42,MGS22QE,PHS11,PWS82QB,SBS22X,ZLUN,ZQFB7,,,,,,
02M475,2024,2,771,,,,,EES82QFC,FSS64QE,HGS42,MGS22QT,PHS11,PPS82QA,SBS22H,SBS44QLB,UAS11,ZLUN,,,,,
02M475,2024,2,772,,,,,EES82QFC,FSS64QE,HGS42,MGS22QT,PHS11,PPS82QA,SBS22H,SBS44QLB,ZLUN,,,,,,
02M475,2024,2,773,,,,,EES82QFC,FSS64QE,HGS42,MGS22QT,PHS11,PPS82QA,SBS22H,SBS44QLB,ZLUN,,,,,,
02M475,2024,2,774,,,,,EES82QFC,FSS64QE,HGS42,MGS22QT,PHS11,PPS82QA,SBS22H,SBS44QLB,ZLUN,ZQ03,,,,,
02M475,2024,2,775,,,,,EES82QFC,FSS64QE,HGS42,MGS22QT,PHS11,PPS82QA,SBS22H,SBS44QLB,ZLUN,ZQFA7,,,,,
02M475,2024,2,776,,,,,EES82QFC,FSS64QE,HGS42,MGS22QT,PHS11,PPS82QA,SBS22H,SBS44QLB,ZLUN,ZQT10,,,,,
02M475,2024,2,777,,,,,EES82QFC,FSS64QE,HGS42,MGS22QT,PHS11,PPS82QA,SBS22X,UAS11,ZLUN,ZQFB3,,,,,
02M475,2024,2,778,,,,,EES82QFC,FSS64QE,HGS42,MGS22QT,PHS11,PPS82QA,SBS22X,UDS11Q2,ZLUN,ZQ03,,,,,
02M475,2024,2,779,,,,,EES82QFC,FSS64QE,HGS42,MGS22QT,PHS11,PPS82QA,SBS22X,UFS11,ZLUN,ZQFB4,,,,,
02M475,2024,2,780,,,,,EES82QFC,FSS64QE,HGS42,MGS22QT,PHS11,PPS82QA,SBS22X,UJS11,ZLUN,ZQ03,,,,,
02M475,2024,2,781,,,,,EES82QFC,FSS64QE,HGS42,MGS22QT,PHS11,PPS82QA,SBS22X,ZLUN,,,,,,,
02M475,2024,2,782,,,,,EES82QFC,FSS64QE,HGS42,MGS22QT,PHS11,PPS82QB,SBS22H,SBS44QLA,UAS11,ZLUN,ZQFA8,ZQFB6,,,
02M475,2024,2,783,,,,,EES82QFC,FSS64QE,HGS42,MGS22QT,PHS11,PPS82QB,SBS22H,SBS44QLA,ZLUN,,,,,,
02M475,2024,2,784,,,,,EES82QFC,FSS64QE,HGS42,MGS22QT,PHS11,PPS82QB,SBS22H,SBS44QLB,ZLUN,ZQT10,,,,,
02M475,2024,2,785,,,,,EES82QFC,FSS64QE,HGS42,MGS22QT,PHS11,PPS82QB,SBS22X,UAS11,ZLUN,,,,,,
02M475,2024,2,786,,,,,EES82QFC,FSS64QE,HGS42,MGS22QT,PHS11,PPS82QB,SBS22X,UAS11,ZLUN,ZQFA3,,,,,
02M475,2024,2,787,,,,,EES82QFC,FSS64QE,HGS42,MGS22QT,PHS11,PPS82QB,SBS22X,UDS11Q2,ZLUN,ZQFA3,ZQFA8,,,,
02M475,2024,2,788,,,,,EES82QFC,FSS64QE,HGS42,MGS22QT,PHS11,PPS82QB,SBS22X,ZLUN,,,,,,,
02M475,2024,2,789,,,,,EES82QFC,FSS64QE,HGS42,MGS22QT,PHS11,PWS82QB,SBS22H,SBS44QLA,ZLUN,ZQFB4,,,,,
02M475,2024,2,790,,,,,EES82QFC,FSS64QE,HGS42,MGS22QT,PHS11,PWS82QB,SBS22X,UDS11Q2,ZLUN,,,,,,
02M475,2024,2,791,,,,,EES82QFC,FSS64QE,HGS42,MPS22X,MQS82QP1,PHS11,PPS82QA,SBS22X,UMS11,ZLUN,,,,,
02M475,2024,2,792,,,,,EES82QFC,FSS64QE,HGS42,MPS22X,MQS82QP1,PHS11,PPS82QA,SBS22X,ZLUN,,,,,,
02M475,2024,2,793,,,,,EES82QFC,FSS64QE,HGS42,MRS22,PHS11,PPS82QA,SBS22H,SBS44QLB,ZLUN,,,,,,
02M475,2024,2,794,,,,,EES82QFC,FSS64QE,HGS42,MRS22,PHS11,PPS82QA,SBS22H,SBS44QLB,ZLUN,ZQ03,,,,,
02M475,2024,2,795,,,,,EES82QFC,FSS64QE,HGS42XHG,MGS22QT,PHS11,PPS82QA,SBS22H,SBS44QLB,ZLUN,ZQFA8,ZQFB3,,,,
02M475,2024,2,796,,,,,EES82QFC,FSS66,HGS42,MGS22QT,PHS11,PPS82QA,SBS22H,SBS44QLB,ZLUN,ZQFA3,,,,,
02M475,2024,2,797,,,,,EES82QFC,FSS66,HGS42,MGS22QT,PHS11,PPS82QB,SBS22H,SBS44QLA,ZLUN,,,,,,
02M475,2024,2,798,,,,,EES82QFC,HGS42,MGS22QT,PHS11,PWS82QB,SBS22H,SBS44QLA,ZLUN,ZQFB4,ZQHALL,ZQPD1,,,,